topic,pmid,human,stratum,N_stratum,n_sampled,weight,pool_size
CD007431,3449306,1,eligible,24,24,1.0,2074
CD007431,4260586,1,eligible,24,24,1.0,2074
CD007431,4651047,1,eligible,24,24,1.0,2074
CD007431,14595165,1,eligible,24,24,1.0,2074
CD007431,11971050,1,eligible,24,24,1.0,2074
CD007431,1579873,1,eligible,24,24,1.0,2074
CD007431,3571310,1,eligible,24,24,1.0,2074
CD007431,10463018,1,eligible,24,24,1.0,2074
CD007431,18391677,1,eligible,24,24,1.0,2074
CD007431,11931063,1,eligible,24,24,1.0,2074
CD007431,2968667,1,eligible,24,24,1.0,2074
CD007431,8981896,1,eligible,24,24,1.0,2074
CD007431,11312387,1,eligible,24,24,1.0,2074
CD007431,15387493,1,eligible,24,24,1.0,2074
CD007431,8029743,1,eligible,24,24,1.0,2074
CD007431,3983706,1,eligible,24,24,1.0,2074
CD007431,4516334,1,eligible,24,24,1.0,2074
CD007431,9877135,1,eligible,24,24,1.0,2074
CD007431,10212604,1,eligible,24,24,1.0,2074
CD007431,3346682,1,eligible,24,24,1.0,2074
CD007431,6238507,1,eligible,24,24,1.0,2074
CD007431,3406846,1,eligible,24,24,1.0,2074
CD007431,8686523,1,eligible,24,24,1.0,2074
CD007431,4281427,1,eligible,24,24,1.0,2074
CD007431,161013,0,non_eligible,2050,100,20.5,2074
CD007431,2143092,0,non_eligible,2050,100,20.5,2074
CD007431,10547954,0,non_eligible,2050,100,20.5,2074
CD007431,12461402,0,non_eligible,2050,100,20.5,2074
CD007431,15906040,0,non_eligible,2050,100,20.5,2074
CD007431,8783418,0,non_eligible,2050,100,20.5,2074
CD007431,4378189,0,non_eligible,2050,100,20.5,2074
CD007431,12923468,0,non_eligible,2050,100,20.5,2074
CD007431,155872,0,non_eligible,2050,100,20.5,2074
CD007431,11145818,0,non_eligible,2050,100,20.5,2074
CD007431,11803753,0,non_eligible,2050,100,20.5,2074
CD007431,12589616,0,non_eligible,2050,100,20.5,2074
CD007431,2273409,0,non_eligible,2050,100,20.5,2074
CD007431,8087707,0,non_eligible,2050,100,20.5,2074
CD007431,10457583,0,non_eligible,2050,100,20.5,2074
CD007431,343479,0,non_eligible,2050,100,20.5,2074
CD007431,2336978,0,non_eligible,2050,100,20.5,2074
CD007431,12699367,0,non_eligible,2050,100,20.5,2074
CD007431,15830985,0,non_eligible,2050,100,20.5,2074
CD007431,17224806,0,non_eligible,2050,100,20.5,2074
CD007431,1270487,0,non_eligible,2050,100,20.5,2074
CD007431,16568145,0,non_eligible,2050,100,20.5,2074
CD007431,18071934,0,non_eligible,2050,100,20.5,2074
CD007431,2275302,0,non_eligible,2050,100,20.5,2074
CD007431,10752099,0,non_eligible,2050,100,20.5,2074
CD007431,9076888,0,non_eligible,2050,100,20.5,2074
CD007431,6222717,0,non_eligible,2050,100,20.5,2074
CD007431,8611331,0,non_eligible,2050,100,20.5,2074
CD007431,15818717,0,non_eligible,2050,100,20.5,2074
CD007431,7432589,0,non_eligible,2050,100,20.5,2074
CD007431,14661141,0,non_eligible,2050,100,20.5,2074
CD007431,9484094,0,non_eligible,2050,100,20.5,2074
CD007431,9520891,0,non_eligible,2050,100,20.5,2074
CD007431,6251391,0,non_eligible,2050,100,20.5,2074
CD007431,9795811,0,non_eligible,2050,100,20.5,2074
CD007431,8434243,0,non_eligible,2050,100,20.5,2074
CD007431,8179113,0,non_eligible,2050,100,20.5,2074
CD007431,15644770,0,non_eligible,2050,100,20.5,2074
CD007431,15144684,0,non_eligible,2050,100,20.5,2074
CD007431,1839154,0,non_eligible,2050,100,20.5,2074
CD007431,9460155,0,non_eligible,2050,100,20.5,2074
CD007431,11698889,0,non_eligible,2050,100,20.5,2074
CD007431,12394665,0,non_eligible,2050,100,20.5,2074
CD007431,10515016,0,non_eligible,2050,100,20.5,2074
CD007431,8277752,0,non_eligible,2050,100,20.5,2074
CD007431,5269867,0,non_eligible,2050,100,20.5,2074
CD007431,8852320,0,non_eligible,2050,100,20.5,2074
CD007431,6225597,0,non_eligible,2050,100,20.5,2074
CD007431,2303871,0,non_eligible,2050,100,20.5,2074
CD007431,12163718,0,non_eligible,2050,100,20.5,2074
CD007431,16759773,0,non_eligible,2050,100,20.5,2074
CD007431,377120,0,non_eligible,2050,100,20.5,2074
CD007431,12592544,0,non_eligible,2050,100,20.5,2074
CD007431,6867860,0,non_eligible,2050,100,20.5,2074
CD007431,6844850,0,non_eligible,2050,100,20.5,2074
CD007431,12474752,0,non_eligible,2050,100,20.5,2074
CD007431,4417652,0,non_eligible,2050,100,20.5,2074
CD007431,163892,0,non_eligible,2050,100,20.5,2074
CD007431,10631642,0,non_eligible,2050,100,20.5,2074
CD007431,15039249,0,non_eligible,2050,100,20.5,2074
CD007431,16865021,0,non_eligible,2050,100,20.5,2074
CD007431,3561740,0,non_eligible,2050,100,20.5,2074
CD007431,3035838,0,non_eligible,2050,100,20.5,2074
CD007431,162546,0,non_eligible,2050,100,20.5,2074
CD007431,12642766,0,non_eligible,2050,100,20.5,2074
CD007431,14639591,0,non_eligible,2050,100,20.5,2074
CD007431,1533326,0,non_eligible,2050,100,20.5,2074
CD007431,6410731,0,non_eligible,2050,100,20.5,2074
CD007431,14594653,0,non_eligible,2050,100,20.5,2074
CD007431,9280027,0,non_eligible,2050,100,20.5,2074
CD007431,16768220,0,non_eligible,2050,100,20.5,2074
CD007431,6089537,0,non_eligible,2050,100,20.5,2074
CD007431,18084782,0,non_eligible,2050,100,20.5,2074
CD007431,6497609,0,non_eligible,2050,100,20.5,2074
CD007431,8731237,0,non_eligible,2050,100,20.5,2074
CD007431,17023848,0,non_eligible,2050,100,20.5,2074
CD007431,11082550,0,non_eligible,2050,100,20.5,2074
CD007431,7845508,0,non_eligible,2050,100,20.5,2074
CD007431,2954226,0,non_eligible,2050,100,20.5,2074
CD007431,18418138,0,non_eligible,2050,100,20.5,2074
CD007431,12938067,0,non_eligible,2050,100,20.5,2074
CD007431,8988083,0,non_eligible,2050,100,20.5,2074
CD007431,15996606,0,non_eligible,2050,100,20.5,2074
CD007431,9728941,0,non_eligible,2050,100,20.5,2074
CD007431,2138156,0,non_eligible,2050,100,20.5,2074
CD007431,10488503,0,non_eligible,2050,100,20.5,2074
CD007431,8483516,0,non_eligible,2050,100,20.5,2074
CD007431,3211249,0,non_eligible,2050,100,20.5,2074
CD007431,10528382,0,non_eligible,2050,100,20.5,2074
CD007431,7638662,0,non_eligible,2050,100,20.5,2074
CD007431,2384506,0,non_eligible,2050,100,20.5,2074
CD007431,8047356,0,non_eligible,2050,100,20.5,2074
CD007431,10815135,0,non_eligible,2050,100,20.5,2074
CD007431,17762803,0,non_eligible,2050,100,20.5,2074
CD007431,15895806,0,non_eligible,2050,100,20.5,2074
CD007431,157532,0,non_eligible,2050,100,20.5,2074
CD007431,11372956,0,non_eligible,2050,100,20.5,2074
CD007431,4358058,0,non_eligible,2050,100,20.5,2074
CD007431,15262072,0,non_eligible,2050,100,20.5,2074
CD007431,9479415,0,non_eligible,2050,100,20.5,2074
CD008081,21996307,1,eligible,26,26,1.0,970
CD008081,9479300,1,eligible,26,26,1.0,970
CD008081,17502499,1,eligible,26,26,1.0,970
CD008081,18316700,1,eligible,26,26,1.0,970
CD008081,17063373,1,eligible,26,26,1.0,970
CD008081,20451897,1,eligible,26,26,1.0,970
CD008081,20484587,1,eligible,26,26,1.0,970
CD008081,11401636,1,eligible,26,26,1.0,970
CD008081,15802932,1,eligible,26,26,1.0,970
CD008081,19996821,1,eligible,26,26,1.0,970
CD008081,22952119,1,eligible,26,26,1.0,970
CD008081,10896351,1,eligible,26,26,1.0,970
CD008081,15051203,1,eligible,26,26,1.0,970
CD008081,12476103,1,eligible,26,26,1.0,970
CD008081,22872201,1,eligible,26,26,1.0,970
CD008081,16647123,1,eligible,26,26,1.0,970
CD008081,20530184,1,eligible,26,26,1.0,970
CD008081,15006844,1,eligible,26,26,1.0,970
CD008081,16799051,1,eligible,26,26,1.0,970
CD008081,11773037,1,eligible,26,26,1.0,970
CD008081,22323463,1,eligible,26,26,1.0,970
CD008081,12510717,1,eligible,26,26,1.0,970
CD008081,22137207,1,eligible,26,26,1.0,970
CD008081,10372879,1,eligible,26,26,1.0,970
CD008081,16395139,1,eligible,26,26,1.0,970
CD008081,19118697,1,eligible,26,26,1.0,970
CD008081,17591904,0,non_eligible,944,100,9.44,970
CD008081,4041157,0,non_eligible,944,100,9.44,970
CD008081,17093998,0,non_eligible,944,100,9.44,970
CD008081,19940530,0,non_eligible,944,100,9.44,970
CD008081,21376246,0,non_eligible,944,100,9.44,970
CD008081,22441027,0,non_eligible,944,100,9.44,970
CD008081,16889833,0,non_eligible,944,100,9.44,970
CD008081,21283169,0,non_eligible,944,100,9.44,970
CD008081,16188001,0,non_eligible,944,100,9.44,970
CD008081,17876597,0,non_eligible,944,100,9.44,970
CD008081,21730347,0,non_eligible,944,100,9.44,970
CD008081,19060271,0,non_eligible,944,100,9.44,970
CD008081,22785535,0,non_eligible,944,100,9.44,970
CD008081,20523361,0,non_eligible,944,100,9.44,970
CD008081,20703037,0,non_eligible,944,100,9.44,970
CD008081,9802759,0,non_eligible,944,100,9.44,970
CD008081,20577866,0,non_eligible,944,100,9.44,970
CD008081,23121699,0,non_eligible,944,100,9.44,970
CD008081,23111610,0,non_eligible,944,100,9.44,970
CD008081,15628644,0,non_eligible,944,100,9.44,970
CD008081,9091712,0,non_eligible,944,100,9.44,970
CD008081,18067962,0,non_eligible,944,100,9.44,970
CD008081,19568355,0,non_eligible,944,100,9.44,970
CD008081,19430285,0,non_eligible,944,100,9.44,970
CD008081,8738460,0,non_eligible,944,100,9.44,970
CD008081,16281735,0,non_eligible,944,100,9.44,970
CD008081,11483079,0,non_eligible,944,100,9.44,970
CD008081,1951588,0,non_eligible,944,100,9.44,970
CD008081,20003824,0,non_eligible,944,100,9.44,970
CD008081,17472415,0,non_eligible,944,100,9.44,970
CD008081,15465566,0,non_eligible,944,100,9.44,970
CD008081,20221984,0,non_eligible,944,100,9.44,970
CD008081,23204247,0,non_eligible,944,100,9.44,970
CD008081,11475391,0,non_eligible,944,100,9.44,970
CD008081,14733133,0,non_eligible,944,100,9.44,970
CD008081,21735421,0,non_eligible,944,100,9.44,970
CD008081,11723088,0,non_eligible,944,100,9.44,970
CD008081,18997608,0,non_eligible,944,100,9.44,970
CD008081,23298885,0,non_eligible,944,100,9.44,970
CD008081,12507629,0,non_eligible,944,100,9.44,970
CD008081,20594160,0,non_eligible,944,100,9.44,970
CD008081,19373126,0,non_eligible,944,100,9.44,970
CD008081,14744905,0,non_eligible,944,100,9.44,970
CD008081,16395132,0,non_eligible,944,100,9.44,970
CD008081,17803438,0,non_eligible,944,100,9.44,970
CD008081,17697178,0,non_eligible,944,100,9.44,970
CD008081,23374377,0,non_eligible,944,100,9.44,970
CD008081,22331146,0,non_eligible,944,100,9.44,970
CD008081,2624726,0,non_eligible,944,100,9.44,970
CD008081,11133709,0,non_eligible,944,100,9.44,970
CD008081,21647567,0,non_eligible,944,100,9.44,970
CD008081,20827486,0,non_eligible,944,100,9.44,970
CD008081,22882318,0,non_eligible,944,100,9.44,970
CD008081,14566626,0,non_eligible,944,100,9.44,970
CD008081,22550713,0,non_eligible,944,100,9.44,970
CD008081,16386973,0,non_eligible,944,100,9.44,970
CD008081,23470789,0,non_eligible,944,100,9.44,970
CD008081,18097816,0,non_eligible,944,100,9.44,970
CD008081,16751756,0,non_eligible,944,100,9.44,970
CD008081,19039480,0,non_eligible,944,100,9.44,970
CD008081,17229807,0,non_eligible,944,100,9.44,970
CD008081,12566041,0,non_eligible,944,100,9.44,970
CD008081,19702711,0,non_eligible,944,100,9.44,970
CD008081,20465107,0,non_eligible,944,100,9.44,970
CD008081,19699533,0,non_eligible,944,100,9.44,970
CD008081,15234306,0,non_eligible,944,100,9.44,970
CD008081,7662623,0,non_eligible,944,100,9.44,970
CD008081,18420749,0,non_eligible,944,100,9.44,970
CD008081,11755866,0,non_eligible,944,100,9.44,970
CD008081,23548318,0,non_eligible,944,100,9.44,970
CD008081,16604810,0,non_eligible,944,100,9.44,970
CD008081,21314440,0,non_eligible,944,100,9.44,970
CD008081,19535358,0,non_eligible,944,100,9.44,970
CD008081,20616686,0,non_eligible,944,100,9.44,970
CD008081,22491395,0,non_eligible,944,100,9.44,970
CD008081,20970010,0,non_eligible,944,100,9.44,970
CD008081,19924672,0,non_eligible,944,100,9.44,970
CD008081,20703041,0,non_eligible,944,100,9.44,970
CD008081,15465570,0,non_eligible,944,100,9.44,970
CD008081,23303431,0,non_eligible,944,100,9.44,970
CD008081,14669032,0,non_eligible,944,100,9.44,970
CD008081,21567211,0,non_eligible,944,100,9.44,970
CD008081,22428627,0,non_eligible,944,100,9.44,970
CD008081,21886189,0,non_eligible,944,100,9.44,970
CD008081,18756796,0,non_eligible,944,100,9.44,970
CD008081,23337517,0,non_eligible,944,100,9.44,970
CD008081,15658007,0,non_eligible,944,100,9.44,970
CD008081,19019945,0,non_eligible,944,100,9.44,970
CD008081,19729104,0,non_eligible,944,100,9.44,970
CD008081,15592868,0,non_eligible,944,100,9.44,970
CD008081,20597042,0,non_eligible,944,100,9.44,970
CD008081,23793175,0,non_eligible,944,100,9.44,970
CD008081,19273785,0,non_eligible,944,100,9.44,970
CD008081,17180527,0,non_eligible,944,100,9.44,970
CD008081,16572358,0,non_eligible,944,100,9.44,970
CD008081,18784623,0,non_eligible,944,100,9.44,970
CD008081,15687920,0,non_eligible,944,100,9.44,970
CD008081,22495998,0,non_eligible,944,100,9.44,970
CD008081,19266465,0,non_eligible,944,100,9.44,970
CD008081,19882573,0,non_eligible,944,100,9.44,970
CD008760,18082473,1,eligible,12,12,1.0,64
CD008760,18058656,1,eligible,12,12,1.0,64
CD008760,19337246,1,eligible,12,12,1.0,64
CD008760,20490679,1,eligible,12,12,1.0,64
CD008760,22155754,1,eligible,12,12,1.0,64
CD008760,20363433,1,eligible,12,12,1.0,64
CD008760,16429352,1,eligible,12,12,1.0,64
CD008760,18680226,1,eligible,12,12,1.0,64
CD008760,15842580,1,eligible,12,12,1.0,64
CD008760,16429353,1,eligible,12,12,1.0,64
CD008760,18435461,1,eligible,12,12,1.0,64
CD008760,21814064,1,eligible,12,12,1.0,64
CD008760,23029720,0,non_eligible,52,52,1.0,64
CD008760,19646642,0,non_eligible,52,52,1.0,64
CD008760,19679416,0,non_eligible,52,52,1.0,64
CD008760,14618949,0,non_eligible,52,52,1.0,64
CD008760,18277884,0,non_eligible,52,52,1.0,64
CD008760,16435503,0,non_eligible,52,52,1.0,64
CD008760,21274889,0,non_eligible,52,52,1.0,64
CD008760,17905009,0,non_eligible,52,52,1.0,64
CD008760,19673028,0,non_eligible,52,52,1.0,64
CD008760,18227890,0,non_eligible,52,52,1.0,64
CD008760,17415347,0,non_eligible,52,52,1.0,64
CD008760,20135731,0,non_eligible,52,52,1.0,64
CD008760,19191853,0,non_eligible,52,52,1.0,64
CD008760,17018501,0,non_eligible,52,52,1.0,64
CD008760,20682230,0,non_eligible,52,52,1.0,64
CD008760,19809355,0,non_eligible,52,52,1.0,64
CD008760,23593613,0,non_eligible,52,52,1.0,64
CD008760,18785275,0,non_eligible,52,52,1.0,64
CD008760,18790438,0,non_eligible,52,52,1.0,64
CD008760,19743993,0,non_eligible,52,52,1.0,64
CD008760,22379346,0,non_eligible,52,52,1.0,64
CD008760,18478132,0,non_eligible,52,52,1.0,64
CD008760,18047544,0,non_eligible,52,52,1.0,64
CD008760,22346246,0,non_eligible,52,52,1.0,64
CD008760,18028926,0,non_eligible,52,52,1.0,64
CD008760,17827950,0,non_eligible,52,52,1.0,64
CD008760,20684186,0,non_eligible,52,52,1.0,64
CD008760,16185966,0,non_eligible,52,52,1.0,64
CD008760,19271599,0,non_eligible,52,52,1.0,64
CD008760,19291827,0,non_eligible,52,52,1.0,64
CD008760,16644462,0,non_eligible,52,52,1.0,64
CD008760,18636658,0,non_eligible,52,52,1.0,64
CD008760,19568182,0,non_eligible,52,52,1.0,64
CD008760,18790434,0,non_eligible,52,52,1.0,64
CD008760,19661814,0,non_eligible,52,52,1.0,64
CD008760,12510456,0,non_eligible,52,52,1.0,64
CD008760,17611174,0,non_eligible,52,52,1.0,64
CD008760,17912188,0,non_eligible,52,52,1.0,64
CD008760,18360329,0,non_eligible,52,52,1.0,64
CD008760,16944004,0,non_eligible,52,52,1.0,64
CD008760,18706733,0,non_eligible,52,52,1.0,64
CD008760,20054320,0,non_eligible,52,52,1.0,64
CD008760,21372764,0,non_eligible,52,52,1.0,64
CD008760,16053016,0,non_eligible,52,52,1.0,64
CD008760,18294933,0,non_eligible,52,52,1.0,64
CD008760,16894311,0,non_eligible,52,52,1.0,64
CD008760,21624583,0,non_eligible,52,52,1.0,64
CD008760,19396956,0,non_eligible,52,52,1.0,64
CD008760,18210340,0,non_eligible,52,52,1.0,64
CD008760,21429016,0,non_eligible,52,52,1.0,64
CD008760,18477965,0,non_eligible,52,52,1.0,64
CD008760,17545780,0,non_eligible,52,52,1.0,64
CD008782,21297262,1,eligible,45,45,1.0,10507
CD008782,17124416,1,eligible,45,45,1.0,10507
CD008782,19584444,1,eligible,45,45,1.0,10507
CD008782,20625095,1,eligible,45,45,1.0,10507
CD008782,18525127,1,eligible,45,45,1.0,10507
CD008782,18486992,1,eligible,45,45,1.0,10507
CD008782,16488378,1,eligible,45,45,1.0,10507
CD008782,12433260,1,eligible,45,45,1.0,10507
CD008782,18535375,1,eligible,45,45,1.0,10507
CD008782,22302554,1,eligible,45,45,1.0,10507
CD008782,19622817,1,eligible,45,45,1.0,10507
CD008782,20625167,1,eligible,45,45,1.0,10507
CD008782,14615052,1,eligible,45,45,1.0,10507
CD008782,17374949,1,eligible,45,45,1.0,10507
CD008782,19864909,1,eligible,45,45,1.0,10507
CD008782,19939224,1,eligible,45,45,1.0,10507
CD008782,21220682,1,eligible,45,45,1.0,10507
CD008782,19296504,1,eligible,45,45,1.0,10507
CD008782,22475796,1,eligible,45,45,1.0,10507
CD008782,20478847,1,eligible,45,45,1.0,10507
CD008782,21460434,1,eligible,45,45,1.0,10507
CD008782,21399907,1,eligible,45,45,1.0,10507
CD008782,14699432,1,eligible,45,45,1.0,10507
CD008782,22213792,1,eligible,45,45,1.0,10507
CD008782,20697045,1,eligible,45,45,1.0,10507
CD008782,16274728,1,eligible,45,45,1.0,10507
CD008782,21898322,1,eligible,45,45,1.0,10507
CD008782,19236926,1,eligible,45,45,1.0,10507
CD008782,21700579,1,eligible,45,45,1.0,10507
CD008782,20935035,1,eligible,45,45,1.0,10507
CD008782,21159408,1,eligible,45,45,1.0,10507
CD008782,19628938,1,eligible,45,45,1.0,10507
CD008782,16546302,1,eligible,45,45,1.0,10507
CD008782,20632026,1,eligible,45,45,1.0,10507
CD008782,21670386,1,eligible,45,45,1.0,10507
CD008782,21440911,1,eligible,45,45,1.0,10507
CD008782,19965857,1,eligible,45,45,1.0,10507
CD008782,19684400,1,eligible,45,45,1.0,10507
CD008782,19748159,1,eligible,45,45,1.0,10507
CD008782,21998317,1,eligible,45,45,1.0,10507
CD008782,22057225,1,eligible,45,45,1.0,10507
CD008782,18401021,1,eligible,45,45,1.0,10507
CD008782,15824371,1,eligible,45,45,1.0,10507
CD008782,20930282,1,eligible,45,45,1.0,10507
CD008782,19420940,1,eligible,45,45,1.0,10507
CD008782,16599843,0,non_eligible,10462,100,104.62,10507
CD008782,2453365,0,non_eligible,10462,100,104.62,10507
CD008782,9585727,0,non_eligible,10462,100,104.62,10507
CD008782,9376964,0,non_eligible,10462,100,104.62,10507
CD008782,16059609,0,non_eligible,10462,100,104.62,10507
CD008782,2635018,0,non_eligible,10462,100,104.62,10507
CD008782,17608885,0,non_eligible,10462,100,104.62,10507
CD008782,20687117,0,non_eligible,10462,100,104.62,10507
CD008782,1406936,0,non_eligible,10462,100,104.62,10507
CD008782,18781290,0,non_eligible,10462,100,104.62,10507
CD008782,9314873,0,non_eligible,10462,100,104.62,10507
CD008782,17226745,0,non_eligible,10462,100,104.62,10507
CD008782,17406865,0,non_eligible,10462,100,104.62,10507
CD008782,11021833,0,non_eligible,10462,100,104.62,10507
CD008782,8665264,0,non_eligible,10462,100,104.62,10507
CD008782,21135428,0,non_eligible,10462,100,104.62,10507
CD008782,22107790,0,non_eligible,10462,100,104.62,10507
CD008782,19523795,0,non_eligible,10462,100,104.62,10507
CD008782,7951680,0,non_eligible,10462,100,104.62,10507
CD008782,19097908,0,non_eligible,10462,100,104.62,10507
CD008782,14514024,0,non_eligible,10462,100,104.62,10507
CD008782,2452557,0,non_eligible,10462,100,104.62,10507
CD008782,22244037,0,non_eligible,10462,100,104.62,10507
CD008782,10751266,0,non_eligible,10462,100,104.62,10507
CD008782,15916898,0,non_eligible,10462,100,104.62,10507
CD008782,22996692,0,non_eligible,10462,100,104.62,10507
CD008782,18853247,0,non_eligible,10462,100,104.62,10507
CD008782,16914413,0,non_eligible,10462,100,104.62,10507
CD008782,2941106,0,non_eligible,10462,100,104.62,10507
CD008782,17709155,0,non_eligible,10462,100,104.62,10507
CD008782,22328928,0,non_eligible,10462,100,104.62,10507
CD008782,2209477,0,non_eligible,10462,100,104.62,10507
CD008782,15305858,0,non_eligible,10462,100,104.62,10507
CD008782,21365456,0,non_eligible,10462,100,104.62,10507
CD008782,10586414,0,non_eligible,10462,100,104.62,10507
CD008782,15200289,0,non_eligible,10462,100,104.62,10507
CD008782,5770356,0,non_eligible,10462,100,104.62,10507
CD008782,15965197,0,non_eligible,10462,100,104.62,10507
CD008782,21559028,0,non_eligible,10462,100,104.62,10507
CD008782,9409337,0,non_eligible,10462,100,104.62,10507
CD008782,15772611,0,non_eligible,10462,100,104.62,10507
CD008782,6452193,0,non_eligible,10462,100,104.62,10507
CD008782,21599654,0,non_eligible,10462,100,104.62,10507
CD008782,20555144,0,non_eligible,10462,100,104.62,10507
CD008782,3595662,0,non_eligible,10462,100,104.62,10507
CD008782,8159260,0,non_eligible,10462,100,104.62,10507
CD008782,4541480,0,non_eligible,10462,100,104.62,10507
CD008782,12525746,0,non_eligible,10462,100,104.62,10507
CD008782,10936884,0,non_eligible,10462,100,104.62,10507
CD008782,21819975,0,non_eligible,10462,100,104.62,10507
CD008782,12917125,0,non_eligible,10462,100,104.62,10507
CD008782,15099158,0,non_eligible,10462,100,104.62,10507
CD008782,17425458,0,non_eligible,10462,100,104.62,10507
CD008782,9109887,0,non_eligible,10462,100,104.62,10507
CD008782,2421949,0,non_eligible,10462,100,104.62,10507
CD008782,22855864,0,non_eligible,10462,100,104.62,10507
CD008782,21955818,0,non_eligible,10462,100,104.62,10507
CD008782,12403806,0,non_eligible,10462,100,104.62,10507
CD008782,17060133,0,non_eligible,10462,100,104.62,10507
CD008782,8244047,0,non_eligible,10462,100,104.62,10507
CD008782,19116299,0,non_eligible,10462,100,104.62,10507
CD008782,6215816,0,non_eligible,10462,100,104.62,10507
CD008782,9070837,0,non_eligible,10462,100,104.62,10507
CD008782,8201476,0,non_eligible,10462,100,104.62,10507
CD008782,9703169,0,non_eligible,10462,100,104.62,10507
CD008782,20169776,0,non_eligible,10462,100,104.62,10507
CD008782,22136538,0,non_eligible,10462,100,104.62,10507
CD008782,8741132,0,non_eligible,10462,100,104.62,10507
CD008782,11117548,0,non_eligible,10462,100,104.62,10507
CD008782,21921445,0,non_eligible,10462,100,104.62,10507
CD008782,17321055,0,non_eligible,10462,100,104.62,10507
CD008782,18986240,0,non_eligible,10462,100,104.62,10507
CD008782,20216394,0,non_eligible,10462,100,104.62,10507
CD008782,11175322,0,non_eligible,10462,100,104.62,10507
CD008782,16718347,0,non_eligible,10462,100,104.62,10507
CD008782,7496909,0,non_eligible,10462,100,104.62,10507
CD008782,10428104,0,non_eligible,10462,100,104.62,10507
CD008782,20866111,0,non_eligible,10462,100,104.62,10507
CD008782,16092117,0,non_eligible,10462,100,104.62,10507
CD008782,22710906,0,non_eligible,10462,100,104.62,10507
CD008782,12430716,0,non_eligible,10462,100,104.62,10507
CD008782,19268975,0,non_eligible,10462,100,104.62,10507
CD008782,21126996,0,non_eligible,10462,100,104.62,10507
CD008782,8872870,0,non_eligible,10462,100,104.62,10507
CD008782,9707339,0,non_eligible,10462,100,104.62,10507
CD008782,3477820,0,non_eligible,10462,100,104.62,10507
CD008782,50947,0,non_eligible,10462,100,104.62,10507
CD008782,12871283,0,non_eligible,10462,100,104.62,10507
CD008782,16958834,0,non_eligible,10462,100,104.62,10507
CD008782,16627931,0,non_eligible,10462,100,104.62,10507
CD008782,8406058,0,non_eligible,10462,100,104.62,10507
CD008782,16877299,0,non_eligible,10462,100,104.62,10507
CD008782,16298237,0,non_eligible,10462,100,104.62,10507
CD008782,7473539,0,non_eligible,10462,100,104.62,10507
CD008782,19682133,0,non_eligible,10462,100,104.62,10507
CD008782,21630636,0,non_eligible,10462,100,104.62,10507
CD008782,12505619,0,non_eligible,10462,100,104.62,10507
CD008782,17964720,0,non_eligible,10462,100,104.62,10507
CD008782,19818105,0,non_eligible,10462,100,104.62,10507
CD008782,2557640,0,non_eligible,10462,100,104.62,10507
CD008803,17693382,1,eligible,99,99,1.0,5220
CD008803,23532529,1,eligible,99,99,1.0,5220
CD008803,16965496,1,eligible,99,99,1.0,5220
CD008803,25448991,1,eligible,99,99,1.0,5220
CD008803,24610541,1,eligible,99,99,1.0,5220
CD008803,20520570,1,eligible,99,99,1.0,5220
CD008803,17270671,1,eligible,99,99,1.0,5220
CD008803,19218992,1,eligible,99,99,1.0,5220
CD008803,16949444,1,eligible,99,99,1.0,5220
CD008803,17868631,1,eligible,99,99,1.0,5220
CD008803,16001380,1,eligible,99,99,1.0,5220
CD008803,23737470,1,eligible,99,99,1.0,5220
CD008803,24492506,1,eligible,99,99,1.0,5220
CD008803,22266520,1,eligible,99,99,1.0,5220
CD008803,22265147,1,eligible,99,99,1.0,5220
CD008803,19737881,1,eligible,99,99,1.0,5220
CD008803,22079964,1,eligible,99,99,1.0,5220
CD008803,22365056,1,eligible,99,99,1.0,5220
CD008803,19969365,1,eligible,99,99,1.0,5220
CD008803,22914498,1,eligible,99,99,1.0,5220
CD008803,17460267,1,eligible,99,99,1.0,5220
CD008803,16292656,1,eligible,99,99,1.0,5220
CD008803,24114539,1,eligible,99,99,1.0,5220
CD008803,19834029,1,eligible,99,99,1.0,5220
CD008803,18344755,1,eligible,99,99,1.0,5220
CD008803,18078851,1,eligible,99,99,1.0,5220
CD008803,24716836,1,eligible,99,99,1.0,5220
CD008803,23970337,1,eligible,99,99,1.0,5220
CD008803,23462754,1,eligible,99,99,1.0,5220
CD008803,20851372,1,eligible,99,99,1.0,5220
CD008803,20663563,1,eligible,99,99,1.0,5220
CD008803,15790898,1,eligible,99,99,1.0,5220
CD008803,12583788,1,eligible,99,99,1.0,5220
CD008803,22027931,1,eligible,99,99,1.0,5220
CD008803,15953430,1,eligible,99,99,1.0,5220
CD008803,22410556,1,eligible,99,99,1.0,5220
CD008803,16870651,1,eligible,99,99,1.0,5220
CD008803,19797208,1,eligible,99,99,1.0,5220
CD008803,23777476,1,eligible,99,99,1.0,5220
CD008803,21474186,1,eligible,99,99,1.0,5220
CD008803,16043858,1,eligible,99,99,1.0,5220
CD008803,18521768,1,eligible,99,99,1.0,5220
CD008803,23818227,1,eligible,99,99,1.0,5220
CD008803,21377735,1,eligible,99,99,1.0,5220
CD008803,18045569,1,eligible,99,99,1.0,5220
CD008803,23539100,1,eligible,99,99,1.0,5220
CD008803,25015361,1,eligible,99,99,1.0,5220
CD008803,20930859,1,eligible,99,99,1.0,5220
CD008803,15465547,1,eligible,99,99,1.0,5220
CD008803,20577117,1,eligible,99,99,1.0,5220
CD008803,20805125,1,eligible,99,99,1.0,5220
CD008803,20493529,1,eligible,99,99,1.0,5220
CD008803,24074220,1,eligible,99,99,1.0,5220
CD008803,23397160,1,eligible,99,99,1.0,5220
CD008803,21430549,1,eligible,99,99,1.0,5220
CD008803,22167542,1,eligible,99,99,1.0,5220
CD008803,20819540,1,eligible,99,99,1.0,5220
CD008803,21522023,1,eligible,99,99,1.0,5220
CD008803,17445899,1,eligible,99,99,1.0,5220
CD008803,22153644,1,eligible,99,99,1.0,5220
CD008803,20012983,1,eligible,99,99,1.0,5220
CD008803,15756574,1,eligible,99,99,1.0,5220
CD008803,22668975,1,eligible,99,99,1.0,5220
CD008803,25194230,1,eligible,99,99,1.0,5220
CD008803,16185765,1,eligible,99,99,1.0,5220
CD008803,17632313,1,eligible,99,99,1.0,5220
CD008803,19681791,1,eligible,99,99,1.0,5220
CD008803,23722389,1,eligible,99,99,1.0,5220
CD008803,17199163,1,eligible,99,99,1.0,5220
CD008803,24603422,1,eligible,99,99,1.0,5220
CD008803,17870171,1,eligible,99,99,1.0,5220
CD008803,21191714,1,eligible,99,99,1.0,5220
CD008803,22595933,1,eligible,99,99,1.0,5220
CD008803,25148790,1,eligible,99,99,1.0,5220
CD008803,24075422,1,eligible,99,99,1.0,5220
CD008803,25074779,1,eligible,99,99,1.0,5220
CD008803,16044326,1,eligible,99,99,1.0,5220
CD008803,24240879,1,eligible,99,99,1.0,5220
CD008803,23743523,1,eligible,99,99,1.0,5220
CD008803,18097175,1,eligible,99,99,1.0,5220
CD008803,17106370,1,eligible,99,99,1.0,5220
CD008803,19373100,1,eligible,99,99,1.0,5220
CD008803,20872357,1,eligible,99,99,1.0,5220
CD008803,23810475,1,eligible,99,99,1.0,5220
CD008803,15136317,1,eligible,99,99,1.0,5220
CD008803,19800607,1,eligible,99,99,1.0,5220
CD008803,18854729,1,eligible,99,99,1.0,5220
CD008803,18235015,1,eligible,99,99,1.0,5220
CD008803,24576877,1,eligible,99,99,1.0,5220
CD008803,16877405,1,eligible,99,99,1.0,5220
CD008803,25167053,1,eligible,99,99,1.0,5220
CD008803,20436370,1,eligible,99,99,1.0,5220
CD008803,17459481,1,eligible,99,99,1.0,5220
CD008803,24655001,1,eligible,99,99,1.0,5220
CD008803,17035283,1,eligible,99,99,1.0,5220
CD008803,15197057,1,eligible,99,99,1.0,5220
CD008803,24282232,1,eligible,99,99,1.0,5220
CD008803,24393348,1,eligible,99,99,1.0,5220
CD008803,22668980,1,eligible,99,99,1.0,5220
CD008803,25034596,0,non_eligible,5121,100,51.21,5220
CD008803,24548694,0,non_eligible,5121,100,51.21,5220
CD008803,16899526,0,non_eligible,5121,100,51.21,5220
CD008803,24627246,0,non_eligible,5121,100,51.21,5220
CD008803,22778156,0,non_eligible,5121,100,51.21,5220
CD008803,20532551,0,non_eligible,5121,100,51.21,5220
CD008803,11688667,0,non_eligible,5121,100,51.21,5220
CD008803,15598051,0,non_eligible,5121,100,51.21,5220
CD008803,18657796,0,non_eligible,5121,100,51.21,5220
CD008803,21621262,0,non_eligible,5121,100,51.21,5220
CD008803,9930265,0,non_eligible,5121,100,51.21,5220
CD008803,8124040,0,non_eligible,5121,100,51.21,5220
CD008803,17343690,0,non_eligible,5121,100,51.21,5220
CD008803,25301876,0,non_eligible,5121,100,51.21,5220
CD008803,15715572,0,non_eligible,5121,100,51.21,5220
CD008803,15180837,0,non_eligible,5121,100,51.21,5220
CD008803,25110679,0,non_eligible,5121,100,51.21,5220
CD008803,8909209,0,non_eligible,5121,100,51.21,5220
CD008803,8746253,0,non_eligible,5121,100,51.21,5220
CD008803,19010552,0,non_eligible,5121,100,51.21,5220
CD008803,23982214,0,non_eligible,5121,100,51.21,5220
CD008803,16344444,0,non_eligible,5121,100,51.21,5220
CD008803,2402404,0,non_eligible,5121,100,51.21,5220
CD008803,14142357,0,non_eligible,5121,100,51.21,5220
CD008803,23860762,0,non_eligible,5121,100,51.21,5220
CD008803,22344014,0,non_eligible,5121,100,51.21,5220
CD008803,23441595,0,non_eligible,5121,100,51.21,5220
CD008803,23775290,0,non_eligible,5121,100,51.21,5220
CD008803,20566166,0,non_eligible,5121,100,51.21,5220
CD008803,1512668,0,non_eligible,5121,100,51.21,5220
CD008803,24964797,0,non_eligible,5121,100,51.21,5220
CD008803,24946101,0,non_eligible,5121,100,51.21,5220
CD008803,23920375,0,non_eligible,5121,100,51.21,5220
CD008803,23736991,0,non_eligible,5121,100,51.21,5220
CD008803,16689260,0,non_eligible,5121,100,51.21,5220
CD008803,15932351,0,non_eligible,5121,100,51.21,5220
CD008803,25536712,0,non_eligible,5121,100,51.21,5220
CD008803,22856228,0,non_eligible,5121,100,51.21,5220
CD008803,21105370,0,non_eligible,5121,100,51.21,5220
CD008803,23702433,0,non_eligible,5121,100,51.21,5220
CD008803,22902212,0,non_eligible,5121,100,51.21,5220
CD008803,12812895,0,non_eligible,5121,100,51.21,5220
CD008803,21637116,0,non_eligible,5121,100,51.21,5220
CD008803,24882957,0,non_eligible,5121,100,51.21,5220
CD008803,18692244,0,non_eligible,5121,100,51.21,5220
CD008803,17109155,0,non_eligible,5121,100,51.21,5220
CD008803,21167436,0,non_eligible,5121,100,51.21,5220
CD008803,24929826,0,non_eligible,5121,100,51.21,5220
CD008803,22069483,0,non_eligible,5121,100,51.21,5220
CD008803,24579126,0,non_eligible,5121,100,51.21,5220
CD008803,10365037,0,non_eligible,5121,100,51.21,5220
CD008803,19086927,0,non_eligible,5121,100,51.21,5220
CD008803,13905883,0,non_eligible,5121,100,51.21,5220
CD008803,25447111,0,non_eligible,5121,100,51.21,5220
CD008803,24767794,0,non_eligible,5121,100,51.21,5220
CD008803,15059730,0,non_eligible,5121,100,51.21,5220
CD008803,24741926,0,non_eligible,5121,100,51.21,5220
CD008803,21853058,0,non_eligible,5121,100,51.21,5220
CD008803,17534827,0,non_eligible,5121,100,51.21,5220
CD008803,20128583,0,non_eligible,5121,100,51.21,5220
CD008803,16639669,0,non_eligible,5121,100,51.21,5220
CD008803,20952853,0,non_eligible,5121,100,51.21,5220
CD008803,22019223,0,non_eligible,5121,100,51.21,5220
CD008803,10709578,0,non_eligible,5121,100,51.21,5220
CD008803,16113368,0,non_eligible,5121,100,51.21,5220
CD008803,25323643,0,non_eligible,5121,100,51.21,5220
CD008803,18539930,0,non_eligible,5121,100,51.21,5220
CD008803,23299474,0,non_eligible,5121,100,51.21,5220
CD008803,23632535,0,non_eligible,5121,100,51.21,5220
CD008803,23006995,0,non_eligible,5121,100,51.21,5220
CD008803,24222299,0,non_eligible,5121,100,51.21,5220
CD008803,20379307,0,non_eligible,5121,100,51.21,5220
CD008803,10080216,0,non_eligible,5121,100,51.21,5220
CD008803,22699951,0,non_eligible,5121,100,51.21,5220
CD008803,25350379,0,non_eligible,5121,100,51.21,5220
CD008803,18055831,0,non_eligible,5121,100,51.21,5220
CD008803,4629760,0,non_eligible,5121,100,51.21,5220
CD008803,19253236,0,non_eligible,5121,100,51.21,5220
CD008803,24763725,0,non_eligible,5121,100,51.21,5220
CD008803,23471893,0,non_eligible,5121,100,51.21,5220
CD008803,23154456,0,non_eligible,5121,100,51.21,5220
CD008803,21873668,0,non_eligible,5121,100,51.21,5220
CD008803,21055813,0,non_eligible,5121,100,51.21,5220
CD008803,9859999,0,non_eligible,5121,100,51.21,5220
CD008803,12780403,0,non_eligible,5121,100,51.21,5220
CD008803,24242185,0,non_eligible,5121,100,51.21,5220
CD008803,14985299,0,non_eligible,5121,100,51.21,5220
CD008803,18185142,0,non_eligible,5121,100,51.21,5220
CD008803,9672907,0,non_eligible,5121,100,51.21,5220
CD008803,16703543,0,non_eligible,5121,100,51.21,5220
CD008803,20677009,0,non_eligible,5121,100,51.21,5220
CD008803,24836437,0,non_eligible,5121,100,51.21,5220
CD008803,25237762,0,non_eligible,5121,100,51.21,5220
CD008803,9283148,0,non_eligible,5121,100,51.21,5220
CD008803,22008872,0,non_eligible,5121,100,51.21,5220
CD008803,23422822,0,non_eligible,5121,100,51.21,5220
CD008803,24030456,0,non_eligible,5121,100,51.21,5220
CD008803,5954409,0,non_eligible,5121,100,51.21,5220
CD008803,19680054,0,non_eligible,5121,100,51.21,5220
CD008803,18189152,0,non_eligible,5121,100,51.21,5220
CD009135,15715249,1,eligible,77,77,1.0,791
CD009135,11989529,1,eligible,77,77,1.0,791
CD009135,18285726,1,eligible,77,77,1.0,791
CD009135,24270249,1,eligible,77,77,1.0,791
CD009135,16517995,1,eligible,77,77,1.0,791
CD009135,19859739,1,eligible,77,77,1.0,791
CD009135,14971701,1,eligible,77,77,1.0,791
CD009135,20212344,1,eligible,77,77,1.0,791
CD009135,12631320,1,eligible,77,77,1.0,791
CD009135,19377416,1,eligible,77,77,1.0,791
CD009135,18606766,1,eligible,77,77,1.0,791
CD009135,24086782,1,eligible,77,77,1.0,791
CD009135,10534192,1,eligible,77,77,1.0,791
CD009135,6391221,1,eligible,77,77,1.0,791
CD009135,11802273,1,eligible,77,77,1.0,791
CD009135,23738023,1,eligible,77,77,1.0,791
CD009135,23717700,1,eligible,77,77,1.0,791
CD009135,12111603,1,eligible,77,77,1.0,791
CD009135,16203020,1,eligible,77,77,1.0,791
CD009135,12173133,1,eligible,77,77,1.0,791
CD009135,16103587,1,eligible,77,77,1.0,791
CD009135,9625911,1,eligible,77,77,1.0,791
CD009135,17506280,1,eligible,77,77,1.0,791
CD009135,12567693,1,eligible,77,77,1.0,791
CD009135,23023349,1,eligible,77,77,1.0,791
CD009135,16333084,1,eligible,77,77,1.0,791
CD009135,18444568,1,eligible,77,77,1.0,791
CD009135,20639822,1,eligible,77,77,1.0,791
CD009135,9492776,1,eligible,77,77,1.0,791
CD009135,11251906,1,eligible,77,77,1.0,791
CD009135,18632926,1,eligible,77,77,1.0,791
CD009135,11164745,1,eligible,77,77,1.0,791
CD009135,3127137,1,eligible,77,77,1.0,791
CD009135,12471430,1,eligible,77,77,1.0,791
CD009135,16825347,1,eligible,77,77,1.0,791
CD009135,21762596,1,eligible,77,77,1.0,791
CD009135,12685638,1,eligible,77,77,1.0,791
CD009135,19623643,1,eligible,77,77,1.0,791
CD009135,3252756,1,eligible,77,77,1.0,791
CD009135,20635639,1,eligible,77,77,1.0,791
CD009135,15189464,1,eligible,77,77,1.0,791
CD009135,14651134,1,eligible,77,77,1.0,791
CD009135,11980401,1,eligible,77,77,1.0,791
CD009135,21212210,1,eligible,77,77,1.0,791
CD009135,6433537,1,eligible,77,77,1.0,791
CD009135,20970152,1,eligible,77,77,1.0,791
CD009135,11388508,1,eligible,77,77,1.0,791
CD009135,23147155,1,eligible,77,77,1.0,791
CD009135,18813406,1,eligible,77,77,1.0,791
CD009135,12581443,1,eligible,77,77,1.0,791
CD009135,16517998,1,eligible,77,77,1.0,791
CD009135,11825959,1,eligible,77,77,1.0,791
CD009135,2035748,1,eligible,77,77,1.0,791
CD009135,20971441,1,eligible,77,77,1.0,791
CD009135,3768597,1,eligible,77,77,1.0,791
CD009135,15125515,1,eligible,77,77,1.0,791
CD009135,19070876,1,eligible,77,77,1.0,791
CD009135,18786847,1,eligible,77,77,1.0,791
CD009135,20054109,1,eligible,77,77,1.0,791
CD009135,16325874,1,eligible,77,77,1.0,791
CD009135,21353275,1,eligible,77,77,1.0,791
CD009135,18318933,1,eligible,77,77,1.0,791
CD009135,17942129,1,eligible,77,77,1.0,791
CD009135,19257843,1,eligible,77,77,1.0,791
CD009135,23836568,1,eligible,77,77,1.0,791
CD009135,6549606,1,eligible,77,77,1.0,791
CD009135,17624385,1,eligible,77,77,1.0,791
CD009135,12894040,1,eligible,77,77,1.0,791
CD009135,20890548,1,eligible,77,77,1.0,791
CD009135,20856856,1,eligible,77,77,1.0,791
CD009135,19478251,1,eligible,77,77,1.0,791
CD009135,16407349,1,eligible,77,77,1.0,791
CD009135,17300637,1,eligible,77,77,1.0,791
CD009135,16398753,1,eligible,77,77,1.0,791
CD009135,16398754,1,eligible,77,77,1.0,791
CD009135,22897740,1,eligible,77,77,1.0,791
CD009135,15719773,1,eligible,77,77,1.0,791
CD009135,3611799,0,non_eligible,714,100,7.14,791
CD009135,19852367,0,non_eligible,714,100,7.14,791
CD009135,1755052,0,non_eligible,714,100,7.14,791
CD009135,20689822,0,non_eligible,714,100,7.14,791
CD009135,22088188,0,non_eligible,714,100,7.14,791
CD009135,17761496,0,non_eligible,714,100,7.14,791
CD009135,21222421,0,non_eligible,714,100,7.14,791
CD009135,7992333,0,non_eligible,714,100,7.14,791
CD009135,4618482,0,non_eligible,714,100,7.14,791
CD009135,19228350,0,non_eligible,714,100,7.14,791
CD009135,1539745,0,non_eligible,714,100,7.14,791
CD009135,23563762,0,non_eligible,714,100,7.14,791
CD009135,7570874,0,non_eligible,714,100,7.14,791
CD009135,2680934,0,non_eligible,714,100,7.14,791
CD009135,23990996,0,non_eligible,714,100,7.14,791
CD009135,2116736,0,non_eligible,714,100,7.14,791
CD009135,3373056,0,non_eligible,714,100,7.14,791
CD009135,7814485,0,non_eligible,714,100,7.14,791
CD009135,8544037,0,non_eligible,714,100,7.14,791
CD009135,9163981,0,non_eligible,714,100,7.14,791
CD009135,17257310,0,non_eligible,714,100,7.14,791
CD009135,23778671,0,non_eligible,714,100,7.14,791
CD009135,8195388,0,non_eligible,714,100,7.14,791
CD009135,7722314,0,non_eligible,714,100,7.14,791
CD009135,19759231,0,non_eligible,714,100,7.14,791
CD009135,8587788,0,non_eligible,714,100,7.14,791
CD009135,7438541,0,non_eligible,714,100,7.14,791
CD009135,4604567,0,non_eligible,714,100,7.14,791
CD009135,15550258,0,non_eligible,714,100,7.14,791
CD009135,11986261,0,non_eligible,714,100,7.14,791
CD009135,20838650,0,non_eligible,714,100,7.14,791
CD009135,9789439,0,non_eligible,714,100,7.14,791
CD009135,18367879,0,non_eligible,714,100,7.14,791
CD009135,2984847,0,non_eligible,714,100,7.14,791
CD009135,1581449,0,non_eligible,714,100,7.14,791
CD009135,3268597,0,non_eligible,714,100,7.14,791
CD009135,16778314,0,non_eligible,714,100,7.14,791
CD009135,23382276,0,non_eligible,714,100,7.14,791
CD009135,19635870,0,non_eligible,714,100,7.14,791
CD009135,12151189,0,non_eligible,714,100,7.14,791
CD009135,22124592,0,non_eligible,714,100,7.14,791
CD009135,22492143,0,non_eligible,714,100,7.14,791
CD009135,1518953,0,non_eligible,714,100,7.14,791
CD009135,8974003,0,non_eligible,714,100,7.14,791
CD009135,20889872,0,non_eligible,714,100,7.14,791
CD009135,16778312,0,non_eligible,714,100,7.14,791
CD009135,17761525,0,non_eligible,714,100,7.14,791
CD009135,10391861,0,non_eligible,714,100,7.14,791
CD009135,17488913,0,non_eligible,714,100,7.14,791
CD009135,10066659,0,non_eligible,714,100,7.14,791
CD009135,12804153,0,non_eligible,714,100,7.14,791
CD009135,20957193,0,non_eligible,714,100,7.14,791
CD009135,15517072,0,non_eligible,714,100,7.14,791
CD009135,10897360,0,non_eligible,714,100,7.14,791
CD009135,3680989,0,non_eligible,714,100,7.14,791
CD009135,23324219,0,non_eligible,714,100,7.14,791
CD009135,22920931,0,non_eligible,714,100,7.14,791
CD009135,15454691,0,non_eligible,714,100,7.14,791
CD009135,8236390,0,non_eligible,714,100,7.14,791
CD009135,18819654,0,non_eligible,714,100,7.14,791
CD009135,15833054,0,non_eligible,714,100,7.14,791
CD009135,22518013,0,non_eligible,714,100,7.14,791
CD009135,4215001,0,non_eligible,714,100,7.14,791
CD009135,7650167,0,non_eligible,714,100,7.14,791
CD009135,6792937,0,non_eligible,714,100,7.14,791
CD009135,18160087,0,non_eligible,714,100,7.14,791
CD009135,14710861,0,non_eligible,714,100,7.14,791
CD009135,1770880,0,non_eligible,714,100,7.14,791
CD009135,22065060,0,non_eligible,714,100,7.14,791
CD009135,16882683,0,non_eligible,714,100,7.14,791
CD009135,1288429,0,non_eligible,714,100,7.14,791
CD009135,1701934,0,non_eligible,714,100,7.14,791
CD009135,9302407,0,non_eligible,714,100,7.14,791
CD009135,2260170,0,non_eligible,714,100,7.14,791
CD009135,3301032,0,non_eligible,714,100,7.14,791
CD009135,9729541,0,non_eligible,714,100,7.14,791
CD009135,7570862,0,non_eligible,714,100,7.14,791
CD009135,20351785,0,non_eligible,714,100,7.14,791
CD009135,17882997,0,non_eligible,714,100,7.14,791
CD009135,20487421,0,non_eligible,714,100,7.14,791
CD009135,9097526,0,non_eligible,714,100,7.14,791
CD009135,3831071,0,non_eligible,714,100,7.14,791
CD009135,1941350,0,non_eligible,714,100,7.14,791
CD009135,18184669,0,non_eligible,714,100,7.14,791
CD009135,22987654,0,non_eligible,714,100,7.14,791
CD009135,21710347,0,non_eligible,714,100,7.14,791
CD009135,19209783,0,non_eligible,714,100,7.14,791
CD009135,11685252,0,non_eligible,714,100,7.14,791
CD009135,7741179,0,non_eligible,714,100,7.14,791
CD009135,12414775,0,non_eligible,714,100,7.14,791
CD009135,12373503,0,non_eligible,714,100,7.14,791
CD009135,20378427,0,non_eligible,714,100,7.14,791
CD009135,8979477,0,non_eligible,714,100,7.14,791
CD009135,16792672,0,non_eligible,714,100,7.14,791
CD009135,20542033,0,non_eligible,714,100,7.14,791
CD009135,2199962,0,non_eligible,714,100,7.14,791
CD009135,23729024,0,non_eligible,714,100,7.14,791
CD009135,3059666,0,non_eligible,714,100,7.14,791
CD009135,11600910,0,non_eligible,714,100,7.14,791
CD009135,21212211,0,non_eligible,714,100,7.14,791
CD009185,11578537,1,eligible,92,92,1.0,1615
CD009185,2868520,1,eligible,92,92,1.0,1615
CD009185,3725620,1,eligible,92,92,1.0,1615
CD009185,12107804,1,eligible,92,92,1.0,1615
CD009185,21247606,1,eligible,92,92,1.0,1615
CD009185,21080122,1,eligible,92,92,1.0,1615
CD009185,10654980,1,eligible,92,92,1.0,1615
CD009185,10654988,1,eligible,92,92,1.0,1615
CD009185,19205751,1,eligible,92,92,1.0,1615
CD009185,22282382,1,eligible,92,92,1.0,1615
CD009185,9685836,1,eligible,92,92,1.0,1615
CD009185,7696107,1,eligible,92,92,1.0,1615
CD009185,9776536,1,eligible,92,92,1.0,1615
CD009185,16025299,1,eligible,92,92,1.0,1615
CD009185,17197887,1,eligible,92,92,1.0,1615
CD009185,15379054,1,eligible,92,92,1.0,1615
CD009185,17611232,1,eligible,92,92,1.0,1615
CD009185,1327798,1,eligible,92,92,1.0,1615
CD009185,15507849,1,eligible,92,92,1.0,1615
CD009185,20500474,1,eligible,92,92,1.0,1615
CD009185,19593590,1,eligible,92,92,1.0,1615
CD009185,8239890,1,eligible,92,92,1.0,1615
CD009185,9759316,1,eligible,92,92,1.0,1615
CD009185,19205372,1,eligible,92,92,1.0,1615
CD009185,19152962,1,eligible,92,92,1.0,1615
CD009185,11207174,1,eligible,92,92,1.0,1615
CD009185,21944121,1,eligible,92,92,1.0,1615
CD009185,10637719,1,eligible,92,92,1.0,1615
CD009185,18977988,1,eligible,92,92,1.0,1615
CD009185,15758798,1,eligible,92,92,1.0,1615
CD009185,9196240,1,eligible,92,92,1.0,1615
CD009185,1093351,1,eligible,92,92,1.0,1615
CD009185,20850815,1,eligible,92,92,1.0,1615
CD009185,18267977,1,eligible,92,92,1.0,1615
CD009185,1343562,1,eligible,92,92,1.0,1615
CD009185,8390412,1,eligible,92,92,1.0,1615
CD009185,11685593,1,eligible,92,92,1.0,1615
CD009185,9499305,1,eligible,92,92,1.0,1615
CD009185,19352723,1,eligible,92,92,1.0,1615
CD009185,20096887,1,eligible,92,92,1.0,1615
CD009185,19139086,1,eligible,92,92,1.0,1615
CD009185,17803473,1,eligible,92,92,1.0,1615
CD009185,9588640,1,eligible,92,92,1.0,1615
CD009185,8283371,1,eligible,92,92,1.0,1615
CD009185,17375337,1,eligible,92,92,1.0,1615
CD009185,1335226,1,eligible,92,92,1.0,1615
CD009185,7143596,1,eligible,92,92,1.0,1615
CD009185,17374489,1,eligible,92,92,1.0,1615
CD009185,11368108,1,eligible,92,92,1.0,1615
CD009185,11687440,1,eligible,92,92,1.0,1615
CD009185,9832579,1,eligible,92,92,1.0,1615
CD009185,11801699,1,eligible,92,92,1.0,1615
CD009185,2170901,1,eligible,92,92,1.0,1615
CD009185,16791609,1,eligible,92,92,1.0,1615
CD009185,18762516,1,eligible,92,92,1.0,1615
CD009185,11420916,1,eligible,92,92,1.0,1615
CD009185,7692210,1,eligible,92,92,1.0,1615
CD009185,11003855,1,eligible,92,92,1.0,1615
CD009185,8036046,1,eligible,92,92,1.0,1615
CD009185,8740300,1,eligible,92,92,1.0,1615
CD009185,7057312,1,eligible,92,92,1.0,1615
CD009185,11793131,1,eligible,92,92,1.0,1615
CD009185,20852370,1,eligible,92,92,1.0,1615
CD009185,16894326,1,eligible,92,92,1.0,1615
CD009185,15954896,1,eligible,92,92,1.0,1615
CD009185,15739109,1,eligible,92,92,1.0,1615
CD009185,10799427,1,eligible,92,92,1.0,1615
CD009185,17574623,1,eligible,92,92,1.0,1615
CD009185,18074149,1,eligible,92,92,1.0,1615
CD009185,18087632,1,eligible,92,92,1.0,1615
CD009185,18800229,1,eligible,92,92,1.0,1615
CD009185,15893462,1,eligible,92,92,1.0,1615
CD009185,18836845,1,eligible,92,92,1.0,1615
CD009185,17273861,1,eligible,92,92,1.0,1615
CD009185,8988117,1,eligible,92,92,1.0,1615
CD009185,1589729,1,eligible,92,92,1.0,1615
CD009185,19377236,1,eligible,92,92,1.0,1615
CD009185,11511988,1,eligible,92,92,1.0,1615
CD009185,3292665,1,eligible,92,92,1.0,1615
CD009185,15981747,1,eligible,92,92,1.0,1615
CD009185,19687772,1,eligible,92,92,1.0,1615
CD009185,17875650,1,eligible,92,92,1.0,1615
CD009185,19377227,1,eligible,92,92,1.0,1615
CD009185,12650294,1,eligible,92,92,1.0,1615
CD009185,19841948,1,eligible,92,92,1.0,1615
CD009185,1681043,1,eligible,92,92,1.0,1615
CD009185,8129430,1,eligible,92,92,1.0,1615
CD009185,697217,1,eligible,92,92,1.0,1615
CD009185,15592072,1,eligible,92,92,1.0,1615
CD009185,1317065,1,eligible,92,92,1.0,1615
CD009185,10390264,1,eligible,92,92,1.0,1615
CD009185,16079986,1,eligible,92,92,1.0,1615
CD009185,21229390,0,non_eligible,1523,100,15.23,1615
CD009185,14061424,0,non_eligible,1523,100,15.23,1615
CD009185,5004030,0,non_eligible,1523,100,15.23,1615
CD009185,4197017,0,non_eligible,1523,100,15.23,1615
CD009185,1571636,0,non_eligible,1523,100,15.23,1615
CD009185,7024481,0,non_eligible,1523,100,15.23,1615
CD009185,16208176,0,non_eligible,1523,100,15.23,1615
CD009185,7120583,0,non_eligible,1523,100,15.23,1615
CD009185,16408432,0,non_eligible,1523,100,15.23,1615
CD009185,14501762,0,non_eligible,1523,100,15.23,1615
CD009185,12642938,0,non_eligible,1523,100,15.23,1615
CD009185,8517610,0,non_eligible,1523,100,15.23,1615
CD009185,12380905,0,non_eligible,1523,100,15.23,1615
CD009185,4131528,0,non_eligible,1523,100,15.23,1615
CD009185,2849381,0,non_eligible,1523,100,15.23,1615
CD009185,12954160,0,non_eligible,1523,100,15.23,1615
CD009185,10570866,0,non_eligible,1523,100,15.23,1615
CD009185,9378920,0,non_eligible,1523,100,15.23,1615
CD009185,1502632,0,non_eligible,1523,100,15.23,1615
CD009185,3075148,0,non_eligible,1523,100,15.23,1615
CD009185,11203154,0,non_eligible,1523,100,15.23,1615
CD009185,19403254,0,non_eligible,1523,100,15.23,1615
CD009185,6400077,0,non_eligible,1523,100,15.23,1615
CD009185,1565534,0,non_eligible,1523,100,15.23,1615
CD009185,6372686,0,non_eligible,1523,100,15.23,1615
CD009185,12700964,0,non_eligible,1523,100,15.23,1615
CD009185,1274565,0,non_eligible,1523,100,15.23,1615
CD009185,8752862,0,non_eligible,1523,100,15.23,1615
CD009185,11258409,0,non_eligible,1523,100,15.23,1615
CD009185,14077924,0,non_eligible,1523,100,15.23,1615
CD009185,5860985,0,non_eligible,1523,100,15.23,1615
CD009185,663097,0,non_eligible,1523,100,15.23,1615
CD009185,1433600,0,non_eligible,1523,100,15.23,1615
CD009185,3319011,0,non_eligible,1523,100,15.23,1615
CD009185,11928843,0,non_eligible,1523,100,15.23,1615
CD009185,10916126,0,non_eligible,1523,100,15.23,1615
CD009185,11595849,0,non_eligible,1523,100,15.23,1615
CD009185,3554155,0,non_eligible,1523,100,15.23,1615
CD009185,10495685,0,non_eligible,1523,100,15.23,1615
CD009185,11709139,0,non_eligible,1523,100,15.23,1615
CD009185,2208931,0,non_eligible,1523,100,15.23,1615
CD009185,5437089,0,non_eligible,1523,100,15.23,1615
CD009185,16865393,0,non_eligible,1523,100,15.23,1615
CD009185,18652168,0,non_eligible,1523,100,15.23,1615
CD009185,15258842,0,non_eligible,1523,100,15.23,1615
CD009185,8577553,0,non_eligible,1523,100,15.23,1615
CD009185,11261676,0,non_eligible,1523,100,15.23,1615
CD009185,566893,0,non_eligible,1523,100,15.23,1615
CD009185,21797109,0,non_eligible,1523,100,15.23,1615
CD009185,17115277,0,non_eligible,1523,100,15.23,1615
CD009185,22307925,0,non_eligible,1523,100,15.23,1615
CD009185,12721819,0,non_eligible,1523,100,15.23,1615
CD009185,5940004,0,non_eligible,1523,100,15.23,1615
CD009185,5895971,0,non_eligible,1523,100,15.23,1615
CD009185,10595470,0,non_eligible,1523,100,15.23,1615
CD009185,7970949,0,non_eligible,1523,100,15.23,1615
CD009185,18924514,0,non_eligible,1523,100,15.23,1615
CD009185,10201014,0,non_eligible,1523,100,15.23,1615
CD009185,12188413,0,non_eligible,1523,100,15.23,1615
CD009185,6887361,0,non_eligible,1523,100,15.23,1615
CD009185,5505732,0,non_eligible,1523,100,15.23,1615
CD009185,14122196,0,non_eligible,1523,100,15.23,1615
CD009185,19409661,0,non_eligible,1523,100,15.23,1615
CD009185,15789210,0,non_eligible,1523,100,15.23,1615
CD009185,9542421,0,non_eligible,1523,100,15.23,1615
CD009185,3800652,0,non_eligible,1523,100,15.23,1615
CD009185,11808890,0,non_eligible,1523,100,15.23,1615
CD009185,9293820,0,non_eligible,1523,100,15.23,1615
CD009185,16356794,0,non_eligible,1523,100,15.23,1615
CD009185,21069568,0,non_eligible,1523,100,15.23,1615
CD009185,21633831,0,non_eligible,1523,100,15.23,1615
CD009185,3525782,0,non_eligible,1523,100,15.23,1615
CD009185,9259528,0,non_eligible,1523,100,15.23,1615
CD009185,11442993,0,non_eligible,1523,100,15.23,1615
CD009185,11197988,0,non_eligible,1523,100,15.23,1615
CD009185,17201947,0,non_eligible,1523,100,15.23,1615
CD009185,18401288,0,non_eligible,1523,100,15.23,1615
CD009185,17250502,0,non_eligible,1523,100,15.23,1615
CD009185,6423107,0,non_eligible,1523,100,15.23,1615
CD009185,7525437,0,non_eligible,1523,100,15.23,1615
CD009185,1433579,0,non_eligible,1523,100,15.23,1615
CD009185,1088968,0,non_eligible,1523,100,15.23,1615
CD009185,2791473,0,non_eligible,1523,100,15.23,1615
CD009185,15846759,0,non_eligible,1523,100,15.23,1615
CD009185,22506510,0,non_eligible,1523,100,15.23,1615
CD009185,370421,0,non_eligible,1523,100,15.23,1615
CD009185,2451065,0,non_eligible,1523,100,15.23,1615
CD009185,6654939,0,non_eligible,1523,100,15.23,1615
CD009185,4432960,0,non_eligible,1523,100,15.23,1615
CD009185,19447856,0,non_eligible,1523,100,15.23,1615
CD009185,7628142,0,non_eligible,1523,100,15.23,1615
CD009185,14501662,0,non_eligible,1523,100,15.23,1615
CD009185,16308218,0,non_eligible,1523,100,15.23,1615
CD009185,19128764,0,non_eligible,1523,100,15.23,1615
CD009185,3038465,0,non_eligible,1523,100,15.23,1615
CD009185,380899,0,non_eligible,1523,100,15.23,1615
CD009185,2405927,0,non_eligible,1523,100,15.23,1615
CD009185,3907093,0,non_eligible,1523,100,15.23,1615
CD009185,8577554,0,non_eligible,1523,100,15.23,1615
CD009185,18830717,0,non_eligible,1523,100,15.23,1615
CD009372,1362250,1,eligible,25,25,1.0,2248
CD009372,21918851,1,eligible,25,25,1.0,2248
CD009372,23124634,1,eligible,25,25,1.0,2248
CD009372,23088945,1,eligible,25,25,1.0,2248
CD009372,10470817,1,eligible,25,25,1.0,2248
CD009372,1511219,1,eligible,25,25,1.0,2248
CD009372,9786614,1,eligible,25,25,1.0,2248
CD009372,17940299,1,eligible,25,25,1.0,2248
CD009372,22118795,1,eligible,25,25,1.0,2248
CD009372,20227278,1,eligible,25,25,1.0,2248
CD009372,11452855,1,eligible,25,25,1.0,2248
CD009372,12070447,1,eligible,25,25,1.0,2248
CD009372,19378710,1,eligible,25,25,1.0,2248
CD009372,21761271,1,eligible,25,25,1.0,2248
CD009372,19342546,1,eligible,25,25,1.0,2248
CD009372,22824687,1,eligible,25,25,1.0,2248
CD009372,16334846,1,eligible,25,25,1.0,2248
CD009372,21088241,1,eligible,25,25,1.0,2248
CD009372,19193746,1,eligible,25,25,1.0,2248
CD009372,15105978,1,eligible,25,25,1.0,2248
CD009372,12768254,1,eligible,25,25,1.0,2248
CD009372,22548929,1,eligible,25,25,1.0,2248
CD009372,19132425,1,eligible,25,25,1.0,2248
CD009372,19035712,1,eligible,25,25,1.0,2248
CD009372,16489468,1,eligible,25,25,1.0,2248
CD009372,19046043,0,non_eligible,2223,100,22.23,2248
CD009372,20387576,0,non_eligible,2223,100,22.23,2248
CD009372,22550310,0,non_eligible,2223,100,22.23,2248
CD009372,10563633,0,non_eligible,2223,100,22.23,2248
CD009372,10690715,0,non_eligible,2223,100,22.23,2248
CD009372,17084203,0,non_eligible,2223,100,22.23,2248
CD009372,18639995,0,non_eligible,2223,100,22.23,2248
CD009372,16717213,0,non_eligible,2223,100,22.23,2248
CD009372,18379492,0,non_eligible,2223,100,22.23,2248
CD009372,9696090,0,non_eligible,2223,100,22.23,2248
CD009372,7857409,0,non_eligible,2223,100,22.23,2248
CD009372,17544573,0,non_eligible,2223,100,22.23,2248
CD009372,8190927,0,non_eligible,2223,100,22.23,2248
CD009372,7889695,0,non_eligible,2223,100,22.23,2248
CD009372,23615478,0,non_eligible,2223,100,22.23,2248
CD009372,21511496,0,non_eligible,2223,100,22.23,2248
CD009372,16699848,0,non_eligible,2223,100,22.23,2248
CD009372,20039076,0,non_eligible,2223,100,22.23,2248
CD009372,21722830,0,non_eligible,2223,100,22.23,2248
CD009372,7954507,0,non_eligible,2223,100,22.23,2248
CD009372,15900095,0,non_eligible,2223,100,22.23,2248
CD009372,15662498,0,non_eligible,2223,100,22.23,2248
CD009372,20495396,0,non_eligible,2223,100,22.23,2248
CD009372,8539440,0,non_eligible,2223,100,22.23,2248
CD009372,1419338,0,non_eligible,2223,100,22.23,2248
CD009372,22234208,0,non_eligible,2223,100,22.23,2248
CD009372,22285527,0,non_eligible,2223,100,22.23,2248
CD009372,7120607,0,non_eligible,2223,100,22.23,2248
CD009372,22676956,0,non_eligible,2223,100,22.23,2248
CD009372,15121233,0,non_eligible,2223,100,22.23,2248
CD009372,12750866,0,non_eligible,2223,100,22.23,2248
CD009372,17924220,0,non_eligible,2223,100,22.23,2248
CD009372,6878091,0,non_eligible,2223,100,22.23,2248
CD009372,8506547,0,non_eligible,2223,100,22.23,2248
CD009372,19440687,0,non_eligible,2223,100,22.23,2248
CD009372,12741100,0,non_eligible,2223,100,22.23,2248
CD009372,21795863,0,non_eligible,2223,100,22.23,2248
CD009372,17954376,0,non_eligible,2223,100,22.23,2248
CD009372,9194425,0,non_eligible,2223,100,22.23,2248
CD009372,4088398,0,non_eligible,2223,100,22.23,2248
CD009372,1220643,0,non_eligible,2223,100,22.23,2248
CD009372,9316064,0,non_eligible,2223,100,22.23,2248
CD009372,20448014,0,non_eligible,2223,100,22.23,2248
CD009372,3935042,0,non_eligible,2223,100,22.23,2248
CD009372,22453044,0,non_eligible,2223,100,22.23,2248
CD009372,9724122,0,non_eligible,2223,100,22.23,2248
CD009372,9420435,0,non_eligible,2223,100,22.23,2248
CD009372,18975526,0,non_eligible,2223,100,22.23,2248
CD009372,17147956,0,non_eligible,2223,100,22.23,2248
CD009372,9504473,0,non_eligible,2223,100,22.23,2248
CD009372,22538076,0,non_eligible,2223,100,22.23,2248
CD009372,6835680,0,non_eligible,2223,100,22.23,2248
CD009372,9406201,0,non_eligible,2223,100,22.23,2248
CD009372,7291875,0,non_eligible,2223,100,22.23,2248
CD009372,16871745,0,non_eligible,2223,100,22.23,2248
CD009372,15101837,0,non_eligible,2223,100,22.23,2248
CD009372,5124359,0,non_eligible,2223,100,22.23,2248
CD009372,17029345,0,non_eligible,2223,100,22.23,2248
CD009372,19126519,0,non_eligible,2223,100,22.23,2248
CD009372,8650587,0,non_eligible,2223,100,22.23,2248
CD009372,9592788,0,non_eligible,2223,100,22.23,2248
CD009372,2031790,0,non_eligible,2223,100,22.23,2248
CD009372,9227692,0,non_eligible,2223,100,22.23,2248
CD009372,7654410,0,non_eligible,2223,100,22.23,2248
CD009372,23014950,0,non_eligible,2223,100,22.23,2248
CD009372,4089926,0,non_eligible,2223,100,22.23,2248
CD009372,10674542,0,non_eligible,2223,100,22.23,2248
CD009372,491922,0,non_eligible,2223,100,22.23,2248
CD009372,17920229,0,non_eligible,2223,100,22.23,2248
CD009372,12810006,0,non_eligible,2223,100,22.23,2248
CD009372,8002813,0,non_eligible,2223,100,22.23,2248
CD009372,2062773,0,non_eligible,2223,100,22.23,2248
CD009372,21206183,0,non_eligible,2223,100,22.23,2248
CD009372,7749081,0,non_eligible,2223,100,22.23,2248
CD009372,21748499,0,non_eligible,2223,100,22.23,2248
CD009372,17254887,0,non_eligible,2223,100,22.23,2248
CD009372,1641092,0,non_eligible,2223,100,22.23,2248
CD009372,17652917,0,non_eligible,2223,100,22.23,2248
CD009372,22386063,0,non_eligible,2223,100,22.23,2248
CD009372,11564264,0,non_eligible,2223,100,22.23,2248
CD009372,11951264,0,non_eligible,2223,100,22.23,2248
CD009372,6247579,0,non_eligible,2223,100,22.23,2248
CD009372,2781908,0,non_eligible,2223,100,22.23,2248
CD009372,11255632,0,non_eligible,2223,100,22.23,2248
CD009372,21546463,0,non_eligible,2223,100,22.23,2248
CD009372,16483279,0,non_eligible,2223,100,22.23,2248
CD009372,8204251,0,non_eligible,2223,100,22.23,2248
CD009372,6640454,0,non_eligible,2223,100,22.23,2248
CD009372,15968519,0,non_eligible,2223,100,22.23,2248
CD009372,15140733,0,non_eligible,2223,100,22.23,2248
CD009372,21125350,0,non_eligible,2223,100,22.23,2248
CD009372,21219787,0,non_eligible,2223,100,22.23,2248
CD009372,23498376,0,non_eligible,2223,100,22.23,2248
CD009372,15506314,0,non_eligible,2223,100,22.23,2248
CD009372,9007878,0,non_eligible,2223,100,22.23,2248
CD009372,21849778,0,non_eligible,2223,100,22.23,2248
CD009372,10659015,0,non_eligible,2223,100,22.23,2248
CD009372,12500710,0,non_eligible,2223,100,22.23,2248
CD009372,17397909,0,non_eligible,2223,100,22.23,2248
CD009372,22811207,0,non_eligible,2223,100,22.23,2248
CD009519,22689182,1,eligible,104,104,1.0,5971
CD009519,17166998,1,eligible,104,104,1.0,5971
CD009519,22682667,1,eligible,104,104,1.0,5971
CD009519,19446975,1,eligible,104,104,1.0,5971
CD009519,17140957,1,eligible,104,104,1.0,5971
CD009519,14512512,1,eligible,104,104,1.0,5971
CD009519,21380783,1,eligible,104,104,1.0,5971
CD009519,12886128,1,eligible,104,104,1.0,5971
CD009519,22899197,1,eligible,104,104,1.0,5971
CD009519,20651192,1,eligible,104,104,1.0,5971
CD009519,22423060,1,eligible,104,104,1.0,5971
CD009519,21051648,1,eligible,104,104,1.0,5971
CD009519,19632852,1,eligible,104,104,1.0,5971
CD009519,19464906,1,eligible,104,104,1.0,5971
CD009519,16683115,1,eligible,104,104,1.0,5971
CD009519,16896664,1,eligible,104,104,1.0,5971
CD009519,21169287,1,eligible,104,104,1.0,5971
CD009519,22429676,1,eligible,104,104,1.0,5971
CD009519,20847531,1,eligible,104,104,1.0,5971
CD009519,22808763,1,eligible,104,104,1.0,5971
CD009519,20309686,1,eligible,104,104,1.0,5971
CD009519,23158997,1,eligible,104,104,1.0,5971
CD009519,21514978,1,eligible,104,104,1.0,5971
CD009519,21789758,1,eligible,104,104,1.0,5971
CD009519,17242237,1,eligible,104,104,1.0,5971
CD009519,19004519,1,eligible,104,104,1.0,5971
CD009519,16236886,1,eligible,104,104,1.0,5971
CD009519,18670805,1,eligible,104,104,1.0,5971
CD009519,22336234,1,eligible,104,104,1.0,5971
CD009519,20026540,1,eligible,104,104,1.0,5971
CD009519,22219418,1,eligible,104,104,1.0,5971
CD009519,22405953,1,eligible,104,104,1.0,5971
CD009519,22290887,1,eligible,104,104,1.0,5971
CD009519,19933240,1,eligible,104,104,1.0,5971
CD009519,18696206,1,eligible,104,104,1.0,5971
CD009519,16405752,1,eligible,104,104,1.0,5971
CD009519,18282357,1,eligible,104,104,1.0,5971
CD009519,19318322,1,eligible,104,104,1.0,5971
CD009519,16455636,1,eligible,104,104,1.0,5971
CD009519,22772365,1,eligible,104,104,1.0,5971
CD009519,19272791,1,eligible,104,104,1.0,5971
CD009519,19660381,1,eligible,104,104,1.0,5971
CD009519,22237120,1,eligible,104,104,1.0,5971
CD009519,16863739,1,eligible,104,104,1.0,5971
CD009519,23171752,1,eligible,104,104,1.0,5971
CD009519,17311309,1,eligible,104,104,1.0,5971
CD009519,18374761,1,eligible,104,104,1.0,5971
CD009519,17320577,1,eligible,104,104,1.0,5971
CD009519,21164366,1,eligible,104,104,1.0,5971
CD009519,19453526,1,eligible,104,104,1.0,5971
CD009519,21511421,1,eligible,104,104,1.0,5971
CD009519,23557204,1,eligible,104,104,1.0,5971
CD009519,20932700,1,eligible,104,104,1.0,5971
CD009519,19581636,1,eligible,104,104,1.0,5971
CD009519,18329480,1,eligible,104,104,1.0,5971
CD009519,21692019,1,eligible,104,104,1.0,5971
CD009519,17920724,1,eligible,104,104,1.0,5971
CD009519,16181842,1,eligible,104,104,1.0,5971
CD009519,22632985,1,eligible,104,104,1.0,5971
CD009519,19039263,1,eligible,104,104,1.0,5971
CD009519,19571281,1,eligible,104,104,1.0,5971
CD009519,21697783,1,eligible,104,104,1.0,5971
CD009519,20087533,1,eligible,104,104,1.0,5971
CD009519,15337041,1,eligible,104,104,1.0,5971
CD009519,20122515,1,eligible,104,104,1.0,5971
CD009519,16219937,1,eligible,104,104,1.0,5971
CD009519,21926377,1,eligible,104,104,1.0,5971
CD009519,19615286,1,eligible,104,104,1.0,5971
CD009519,18788639,1,eligible,104,104,1.0,5971
CD009519,17687098,1,eligible,104,104,1.0,5971
CD009519,21619964,1,eligible,104,104,1.0,5971
CD009519,16014441,1,eligible,104,104,1.0,5971
CD009519,17896365,1,eligible,104,104,1.0,5971
CD009519,22883546,1,eligible,104,104,1.0,5971
CD009519,12815135,1,eligible,104,104,1.0,5971
CD009519,22290911,1,eligible,104,104,1.0,5971
CD009519,16423207,1,eligible,104,104,1.0,5971
CD009519,19366724,1,eligible,104,104,1.0,5971
CD009519,18177978,1,eligible,104,104,1.0,5971
CD009519,21552018,1,eligible,104,104,1.0,5971
CD009519,18552311,1,eligible,104,104,1.0,5971
CD009519,23242821,1,eligible,104,104,1.0,5971
CD009519,21441257,1,eligible,104,104,1.0,5971
CD009519,22459646,1,eligible,104,104,1.0,5971
CD009519,21587082,1,eligible,104,104,1.0,5971
CD009519,16966480,1,eligible,104,104,1.0,5971
CD009519,17462407,1,eligible,104,104,1.0,5971
CD009519,19430783,1,eligible,104,104,1.0,5971
CD009519,18651256,1,eligible,104,104,1.0,5971
CD009519,22677701,1,eligible,104,104,1.0,5971
CD009519,21185733,1,eligible,104,104,1.0,5971
CD009519,19118267,1,eligible,104,104,1.0,5971
CD009519,22100657,1,eligible,104,104,1.0,5971
CD009519,19781319,1,eligible,104,104,1.0,5971
CD009519,21971924,1,eligible,104,104,1.0,5971
CD009519,22653189,1,eligible,104,104,1.0,5971
CD009519,22358427,1,eligible,104,104,1.0,5971
CD009519,18242247,1,eligible,104,104,1.0,5971
CD009519,21066996,1,eligible,104,104,1.0,5971
CD009519,19091887,1,eligible,104,104,1.0,5971
CD009519,20124294,1,eligible,104,104,1.0,5971
CD009519,18424949,1,eligible,104,104,1.0,5971
CD009519,19995654,1,eligible,104,104,1.0,5971
CD009519,22374706,1,eligible,104,104,1.0,5971
CD009519,20702788,0,non_eligible,5867,100,58.67,5971
CD009519,22681674,0,non_eligible,5867,100,58.67,5971
CD009519,10768568,0,non_eligible,5867,100,58.67,5971
CD009519,5183821,0,non_eligible,5867,100,58.67,5971
CD009519,10550149,0,non_eligible,5867,100,58.67,5971
CD009519,22477481,0,non_eligible,5867,100,58.67,5971
CD009519,19628378,0,non_eligible,5867,100,58.67,5971
CD009519,19859858,0,non_eligible,5867,100,58.67,5971
CD009519,15500150,0,non_eligible,5867,100,58.67,5971
CD009519,19775608,0,non_eligible,5867,100,58.67,5971
CD009519,21087727,0,non_eligible,5867,100,58.67,5971
CD009519,12367807,0,non_eligible,5867,100,58.67,5971
CD009519,16963667,0,non_eligible,5867,100,58.67,5971
CD009519,21667030,0,non_eligible,5867,100,58.67,5971
CD009519,21277096,0,non_eligible,5867,100,58.67,5971
CD009519,16579344,0,non_eligible,5867,100,58.67,5971
CD009519,23219463,0,non_eligible,5867,100,58.67,5971
CD009519,15013583,0,non_eligible,5867,100,58.67,5971
CD009519,21119104,0,non_eligible,5867,100,58.67,5971
CD009519,11317024,0,non_eligible,5867,100,58.67,5971
CD009519,14197209,0,non_eligible,5867,100,58.67,5971
CD009519,15365445,0,non_eligible,5867,100,58.67,5971
CD009519,20861786,0,non_eligible,5867,100,58.67,5971
CD009519,17562248,0,non_eligible,5867,100,58.67,5971
CD009519,22800488,0,non_eligible,5867,100,58.67,5971
CD009519,19264250,0,non_eligible,5867,100,58.67,5971
CD009519,21307150,0,non_eligible,5867,100,58.67,5971
CD009519,12759654,0,non_eligible,5867,100,58.67,5971
CD009519,21384283,0,non_eligible,5867,100,58.67,5971
CD009519,17494800,0,non_eligible,5867,100,58.67,5971
CD009519,16564242,0,non_eligible,5867,100,58.67,5971
CD009519,17313032,0,non_eligible,5867,100,58.67,5971
CD009519,18299162,0,non_eligible,5867,100,58.67,5971
CD009519,15726357,0,non_eligible,5867,100,58.67,5971
CD009519,17166999,0,non_eligible,5867,100,58.67,5971
CD009519,21813742,0,non_eligible,5867,100,58.67,5971
CD009519,16615420,0,non_eligible,5867,100,58.67,5971
CD009519,16818939,0,non_eligible,5867,100,58.67,5971
CD009519,16132033,0,non_eligible,5867,100,58.67,5971
CD009519,15682847,0,non_eligible,5867,100,58.67,5971
CD009519,5832139,0,non_eligible,5867,100,58.67,5971
CD009519,10884736,0,non_eligible,5867,100,58.67,5971
CD009519,5162292,0,non_eligible,5867,100,58.67,5971
CD009519,5811011,0,non_eligible,5867,100,58.67,5971
CD009519,21224293,0,non_eligible,5867,100,58.67,5971
CD009519,19014777,0,non_eligible,5867,100,58.67,5971
CD009519,16609351,0,non_eligible,5867,100,58.67,5971
CD009519,19520905,0,non_eligible,5867,100,58.67,5971
CD009519,16493531,0,non_eligible,5867,100,58.67,5971
CD009519,15671780,0,non_eligible,5867,100,58.67,5971
CD009519,18812340,0,non_eligible,5867,100,58.67,5971
CD009519,19444550,0,non_eligible,5867,100,58.67,5971
CD009519,6063728,0,non_eligible,5867,100,58.67,5971
CD009519,12391950,0,non_eligible,5867,100,58.67,5971
CD009519,19853973,0,non_eligible,5867,100,58.67,5971
CD009519,23414826,0,non_eligible,5867,100,58.67,5971
CD009519,16361139,0,non_eligible,5867,100,58.67,5971
CD009519,21333026,0,non_eligible,5867,100,58.67,5971
CD009519,15722832,0,non_eligible,5867,100,58.67,5971
CD009519,9472651,0,non_eligible,5867,100,58.67,5971
CD009519,16934695,0,non_eligible,5867,100,58.67,5971
CD009519,12727062,0,non_eligible,5867,100,58.67,5971
CD009519,17851810,0,non_eligible,5867,100,58.67,5971
CD009519,8372297,0,non_eligible,5867,100,58.67,5971
CD009519,17497099,0,non_eligible,5867,100,58.67,5971
CD009519,22901746,0,non_eligible,5867,100,58.67,5971
CD009519,9145015,0,non_eligible,5867,100,58.67,5971
CD009519,23372867,0,non_eligible,5867,100,58.67,5971
CD009519,15647684,0,non_eligible,5867,100,58.67,5971
CD009519,5534008,0,non_eligible,5867,100,58.67,5971
CD009519,10632626,0,non_eligible,5867,100,58.67,5971
CD009519,1880564,0,non_eligible,5867,100,58.67,5971
CD009519,10359149,0,non_eligible,5867,100,58.67,5971
CD009519,10096967,0,non_eligible,5867,100,58.67,5971
CD009519,21055621,0,non_eligible,5867,100,58.67,5971
CD009519,3495385,0,non_eligible,5867,100,58.67,5971
CD009519,12508845,0,non_eligible,5867,100,58.67,5971
CD009519,16100156,0,non_eligible,5867,100,58.67,5971
CD009519,11696627,0,non_eligible,5867,100,58.67,5971
CD009519,22544428,0,non_eligible,5867,100,58.67,5971
CD009519,15729183,0,non_eligible,5867,100,58.67,5971
CD009519,21403445,0,non_eligible,5867,100,58.67,5971
CD009519,19928327,0,non_eligible,5867,100,58.67,5971
CD009519,19744635,0,non_eligible,5867,100,58.67,5971
CD009519,6773371,0,non_eligible,5867,100,58.67,5971
CD009519,17705012,0,non_eligible,5867,100,58.67,5971
CD009519,5097962,0,non_eligible,5867,100,58.67,5971
CD009519,12607954,0,non_eligible,5867,100,58.67,5971
CD009519,21163584,0,non_eligible,5867,100,58.67,5971
CD009519,3562869,0,non_eligible,5867,100,58.67,5971
CD009519,12232865,0,non_eligible,5867,100,58.67,5971
CD009519,17763686,0,non_eligible,5867,100,58.67,5971
CD009519,10478178,0,non_eligible,5867,100,58.67,5971
CD009519,17452875,0,non_eligible,5867,100,58.67,5971
CD009519,9353835,0,non_eligible,5867,100,58.67,5971
CD009519,19380172,0,non_eligible,5867,100,58.67,5971
CD009519,17682468,0,non_eligible,5867,100,58.67,5971
CD009519,16794168,0,non_eligible,5867,100,58.67,5971
CD009519,15566002,0,non_eligible,5867,100,58.67,5971
CD009519,19915840,0,non_eligible,5867,100,58.67,5971
CD009551,23725402,1,eligible,46,46,1.0,1911
CD009551,17127630,1,eligible,46,46,1.0,1911
CD009551,23360173,1,eligible,46,46,1.0,1911
CD009551,16453271,1,eligible,46,46,1.0,1911
CD009551,19571034,1,eligible,46,46,1.0,1911
CD009551,21191054,1,eligible,46,46,1.0,1911
CD009551,17426786,1,eligible,46,46,1.0,1911
CD009551,16412020,1,eligible,46,46,1.0,1911
CD009551,18845828,1,eligible,46,46,1.0,1911
CD009551,15713607,1,eligible,46,46,1.0,1911
CD009551,15184460,1,eligible,46,46,1.0,1911
CD009551,23426930,1,eligible,46,46,1.0,1911
CD009551,15668862,1,eligible,46,46,1.0,1911
CD009551,21849696,1,eligible,46,46,1.0,1911
CD009551,19109479,1,eligible,46,46,1.0,1911
CD009551,11328298,1,eligible,46,46,1.0,1911
CD009551,11462176,1,eligible,46,46,1.0,1911
CD009551,10823773,1,eligible,46,46,1.0,1911
CD009551,20818103,1,eligible,46,46,1.0,1911
CD009551,18854937,1,eligible,46,46,1.0,1911
CD009551,10565898,1,eligible,46,46,1.0,1911
CD009551,11122112,1,eligible,46,46,1.0,1911
CD009551,16208020,1,eligible,46,46,1.0,1911
CD009551,10424090,1,eligible,46,46,1.0,1911
CD009551,20367932,1,eligible,46,46,1.0,1911
CD009551,20190840,1,eligible,46,46,1.0,1911
CD009551,14766869,1,eligible,46,46,1.0,1911
CD009551,12437651,1,eligible,46,46,1.0,1911
CD009551,22808087,1,eligible,46,46,1.0,1911
CD009551,23639612,1,eligible,46,46,1.0,1911
CD009551,20392911,1,eligible,46,46,1.0,1911
CD009551,19541789,1,eligible,46,46,1.0,1911
CD009551,20374275,1,eligible,46,46,1.0,1911
CD009551,18672389,1,eligible,46,46,1.0,1911
CD009551,9636871,1,eligible,46,46,1.0,1911
CD009551,16842569,1,eligible,46,46,1.0,1911
CD009551,16175901,1,eligible,46,46,1.0,1911
CD009551,19103864,1,eligible,46,46,1.0,1911
CD009551,11588697,1,eligible,46,46,1.0,1911
CD009551,16421791,1,eligible,46,46,1.0,1911
CD009551,21227993,1,eligible,46,46,1.0,1911
CD009551,16255874,1,eligible,46,46,1.0,1911
CD009551,18643921,1,eligible,46,46,1.0,1911
CD009551,23614624,1,eligible,46,46,1.0,1911
CD009551,9930067,1,eligible,46,46,1.0,1911
CD009551,18331444,1,eligible,46,46,1.0,1911
CD009551,12508264,0,non_eligible,1865,100,18.65,1911
CD009551,16814894,0,non_eligible,1865,100,18.65,1911
CD009551,23330675,0,non_eligible,1865,100,18.65,1911
CD009551,7616678,0,non_eligible,1865,100,18.65,1911
CD009551,25384730,0,non_eligible,1865,100,18.65,1911
CD009551,21889911,0,non_eligible,1865,100,18.65,1911
CD009551,24677097,0,non_eligible,1865,100,18.65,1911
CD009551,21771406,0,non_eligible,1865,100,18.65,1911
CD009551,11929216,0,non_eligible,1865,100,18.65,1911
CD009551,12092808,0,non_eligible,1865,100,18.65,1911
CD009551,8786753,0,non_eligible,1865,100,18.65,1911
CD009551,23451071,0,non_eligible,1865,100,18.65,1911
CD009551,12777690,0,non_eligible,1865,100,18.65,1911
CD009551,12147467,0,non_eligible,1865,100,18.65,1911
CD009551,16572845,0,non_eligible,1865,100,18.65,1911
CD009551,15552643,0,non_eligible,1865,100,18.65,1911
CD009551,20392146,0,non_eligible,1865,100,18.65,1911
CD009551,24091920,0,non_eligible,1865,100,18.65,1911
CD009551,15022785,0,non_eligible,1865,100,18.65,1911
CD009551,22502959,0,non_eligible,1865,100,18.65,1911
CD009551,7592973,0,non_eligible,1865,100,18.65,1911
CD009551,11792987,0,non_eligible,1865,100,18.65,1911
CD009551,7650207,0,non_eligible,1865,100,18.65,1911
CD009551,14584610,0,non_eligible,1865,100,18.65,1911
CD009551,9084119,0,non_eligible,1865,100,18.65,1911
CD009551,8408576,0,non_eligible,1865,100,18.65,1911
CD009551,12149343,0,non_eligible,1865,100,18.65,1911
CD009551,19835761,0,non_eligible,1865,100,18.65,1911
CD009551,19416940,0,non_eligible,1865,100,18.65,1911
CD009551,21339676,0,non_eligible,1865,100,18.65,1911
CD009551,23147740,0,non_eligible,1865,100,18.65,1911
CD009551,25011914,0,non_eligible,1865,100,18.65,1911
CD009551,24037306,0,non_eligible,1865,100,18.65,1911
CD009551,18832298,0,non_eligible,1865,100,18.65,1911
CD009551,16303751,0,non_eligible,1865,100,18.65,1911
CD009551,11376086,0,non_eligible,1865,100,18.65,1911
CD009551,12424579,0,non_eligible,1865,100,18.65,1911
CD009551,9835566,0,non_eligible,1865,100,18.65,1911
CD009551,22120803,0,non_eligible,1865,100,18.65,1911
CD009551,18436593,0,non_eligible,1865,100,18.65,1911
CD009551,16650956,0,non_eligible,1865,100,18.65,1911
CD009551,16825512,0,non_eligible,1865,100,18.65,1911
CD009551,16154781,0,non_eligible,1865,100,18.65,1911
CD009551,10320571,0,non_eligible,1865,100,18.65,1911
CD009551,15297489,0,non_eligible,1865,100,18.65,1911
CD009551,11831480,0,non_eligible,1865,100,18.65,1911
CD009551,18959152,0,non_eligible,1865,100,18.65,1911
CD009551,17270725,0,non_eligible,1865,100,18.65,1911
CD009551,20347662,0,non_eligible,1865,100,18.65,1911
CD009551,11948049,0,non_eligible,1865,100,18.65,1911
CD009551,21623884,0,non_eligible,1865,100,18.65,1911
CD009551,14572378,0,non_eligible,1865,100,18.65,1911
CD009551,9817884,0,non_eligible,1865,100,18.65,1911
CD009551,17279054,0,non_eligible,1865,100,18.65,1911
CD009551,17636383,0,non_eligible,1865,100,18.65,1911
CD009551,7764853,0,non_eligible,1865,100,18.65,1911
CD009551,11476976,0,non_eligible,1865,100,18.65,1911
CD009551,24095659,0,non_eligible,1865,100,18.65,1911
CD009551,12568754,0,non_eligible,1865,100,18.65,1911
CD009551,19038469,0,non_eligible,1865,100,18.65,1911
CD009551,10467546,0,non_eligible,1865,100,18.65,1911
CD009551,17400783,0,non_eligible,1865,100,18.65,1911
CD009551,19241524,0,non_eligible,1865,100,18.65,1911
CD009551,16832727,0,non_eligible,1865,100,18.65,1911
CD009551,11213075,0,non_eligible,1865,100,18.65,1911
CD009551,19161356,0,non_eligible,1865,100,18.65,1911
CD009551,23160681,0,non_eligible,1865,100,18.65,1911
CD009551,21281234,0,non_eligible,1865,100,18.65,1911
CD009551,15345393,0,non_eligible,1865,100,18.65,1911
CD009551,21396477,0,non_eligible,1865,100,18.65,1911
CD009551,16145076,0,non_eligible,1865,100,18.65,1911
CD009551,12898356,0,non_eligible,1865,100,18.65,1911
CD009551,14750236,0,non_eligible,1865,100,18.65,1911
CD009551,21828275,0,non_eligible,1865,100,18.65,1911
CD009551,18415839,0,non_eligible,1865,100,18.65,1911
CD009551,1322861,0,non_eligible,1865,100,18.65,1911
CD009551,10052742,0,non_eligible,1865,100,18.65,1911
CD009551,10853771,0,non_eligible,1865,100,18.65,1911
CD009551,23202303,0,non_eligible,1865,100,18.65,1911
CD009551,23388129,0,non_eligible,1865,100,18.65,1911
CD009551,17987567,0,non_eligible,1865,100,18.65,1911
CD009551,17886177,0,non_eligible,1865,100,18.65,1911
CD009551,19496935,0,non_eligible,1865,100,18.65,1911
CD009551,19448638,0,non_eligible,1865,100,18.65,1911
CD009551,25043595,0,non_eligible,1865,100,18.65,1911
CD009551,24977681,0,non_eligible,1865,100,18.65,1911
CD009551,18385440,0,non_eligible,1865,100,18.65,1911
CD009551,20030960,0,non_eligible,1865,100,18.65,1911
CD009551,25344259,0,non_eligible,1865,100,18.65,1911
CD009551,22248125,0,non_eligible,1865,100,18.65,1911
CD009551,7887625,0,non_eligible,1865,100,18.65,1911
CD009551,17574786,0,non_eligible,1865,100,18.65,1911
CD009551,15845386,0,non_eligible,1865,100,18.65,1911
CD009551,19765479,0,non_eligible,1865,100,18.65,1911
CD009551,22069691,0,non_eligible,1865,100,18.65,1911
CD009551,21187926,0,non_eligible,1865,100,18.65,1911
CD009551,8576345,0,non_eligible,1865,100,18.65,1911
CD009551,16892537,0,non_eligible,1865,100,18.65,1911
CD009551,16468358,0,non_eligible,1865,100,18.65,1911
CD009551,19451239,0,non_eligible,1865,100,18.65,1911
CD009579,6842031,1,eligible,138,138,1.0,6455
CD009579,1674405,1,eligible,138,138,1.0,6455
CD009579,11280068,1,eligible,138,138,1.0,6455
CD009579,7780448,1,eligible,138,138,1.0,6455
CD009579,22118038,1,eligible,138,138,1.0,6455
CD009579,24742192,1,eligible,138,138,1.0,6455
CD009579,7112663,1,eligible,138,138,1.0,6455
CD009579,7594673,1,eligible,138,138,1.0,6455
CD009579,3133320,1,eligible,138,138,1.0,6455
CD009579,1621898,1,eligible,138,138,1.0,6455
CD009579,1621899,1,eligible,138,138,1.0,6455
CD009579,3872732,1,eligible,138,138,1.0,6455
CD009579,21540390,1,eligible,138,138,1.0,6455
CD009579,1452992,1,eligible,138,138,1.0,6455
CD009579,3099659,1,eligible,138,138,1.0,6455
CD009579,9277012,1,eligible,138,138,1.0,6455
CD009579,7844425,1,eligible,138,138,1.0,6455
CD009579,8790772,1,eligible,138,138,1.0,6455
CD009579,19426665,1,eligible,138,138,1.0,6455
CD009579,18642508,1,eligible,138,138,1.0,6455
CD009579,11551310,1,eligible,138,138,1.0,6455
CD009579,7814474,1,eligible,138,138,1.0,6455
CD009579,1969705,1,eligible,138,138,1.0,6455
CD009579,23590255,1,eligible,138,138,1.0,6455
CD009579,3149173,1,eligible,138,138,1.0,6455
CD009579,7796771,1,eligible,138,138,1.0,6455
CD009579,9840595,1,eligible,138,138,1.0,6455
CD009579,9840597,1,eligible,138,138,1.0,6455
CD009579,17368699,1,eligible,138,138,1.0,6455
CD009579,18784236,1,eligible,138,138,1.0,6455
CD009579,9196755,1,eligible,138,138,1.0,6455
CD009579,2510528,1,eligible,138,138,1.0,6455
CD009579,2859753,1,eligible,138,138,1.0,6455
CD009579,10403328,1,eligible,138,138,1.0,6455
CD009579,1980801,1,eligible,138,138,1.0,6455
CD009579,15361112,1,eligible,138,138,1.0,6455
CD009579,8698022,1,eligible,138,138,1.0,6455
CD009579,24727052,1,eligible,138,138,1.0,6455
CD009579,2505381,1,eligible,138,138,1.0,6455
CD009579,7677216,1,eligible,138,138,1.0,6455
CD009579,3142286,1,eligible,138,138,1.0,6455
CD009579,7821252,1,eligible,138,138,1.0,6455
CD009579,23469295,1,eligible,138,138,1.0,6455
CD009579,9684644,1,eligible,138,138,1.0,6455
CD009579,2492777,1,eligible,138,138,1.0,6455
CD009579,3098475,1,eligible,138,138,1.0,6455
CD009579,17298129,1,eligible,138,138,1.0,6455
CD009579,23202602,1,eligible,138,138,1.0,6455
CD009579,10882905,1,eligible,138,138,1.0,6455
CD009579,2515625,1,eligible,138,138,1.0,6455
CD009579,9692172,1,eligible,138,138,1.0,6455
CD009579,442186,1,eligible,138,138,1.0,6455
CD009579,7785523,1,eligible,138,138,1.0,6455
CD009579,18951599,1,eligible,138,138,1.0,6455
CD009579,9270735,1,eligible,138,138,1.0,6455
CD009579,21245910,1,eligible,138,138,1.0,6455
CD009579,22860148,1,eligible,138,138,1.0,6455
CD009579,1443344,1,eligible,138,138,1.0,6455
CD009579,1758012,1,eligible,138,138,1.0,6455
CD009579,9196777,1,eligible,138,138,1.0,6455
CD009579,2128984,1,eligible,138,138,1.0,6455
CD009579,10672206,1,eligible,138,138,1.0,6455
CD009579,10326107,1,eligible,138,138,1.0,6455
CD009579,1564319,1,eligible,138,138,1.0,6455
CD009579,23556011,1,eligible,138,138,1.0,6455
CD009579,18416249,1,eligible,138,138,1.0,6455
CD009579,24593687,1,eligible,138,138,1.0,6455
CD009579,10326120,1,eligible,138,138,1.0,6455
CD009579,19547872,1,eligible,138,138,1.0,6455
CD009579,7210818,1,eligible,138,138,1.0,6455
CD009579,9028412,1,eligible,138,138,1.0,6455
CD009579,6486295,1,eligible,138,138,1.0,6455
CD009579,2475060,1,eligible,138,138,1.0,6455
CD009579,9492912,1,eligible,138,138,1.0,6455
CD009579,23339198,1,eligible,138,138,1.0,6455
CD009579,24952121,1,eligible,138,138,1.0,6455
CD009579,6138974,1,eligible,138,138,1.0,6455
CD009579,6138972,1,eligible,138,138,1.0,6455
CD009579,3934451,1,eligible,138,138,1.0,6455
CD009579,10674091,1,eligible,138,138,1.0,6455
CD009579,10548300,1,eligible,138,138,1.0,6455
CD009579,9231197,1,eligible,138,138,1.0,6455
CD009579,8203296,1,eligible,138,138,1.0,6455
CD009579,8026352,1,eligible,138,138,1.0,6455
CD009579,19068147,1,eligible,138,138,1.0,6455
CD009579,484768,1,eligible,138,138,1.0,6455
CD009579,15477190,1,eligible,138,138,1.0,6455
CD009579,3872731,1,eligible,138,138,1.0,6455
CD009579,1440818,1,eligible,138,138,1.0,6455
CD009579,8096108,1,eligible,138,138,1.0,6455
CD009579,6133057,1,eligible,138,138,1.0,6455
CD009579,3151529,1,eligible,138,138,1.0,6455
CD009579,10813502,1,eligible,138,138,1.0,6455
CD009579,10813503,1,eligible,138,138,1.0,6455
CD009579,10813501,1,eligible,138,138,1.0,6455
CD009579,10813504,1,eligible,138,138,1.0,6455
CD009579,9311651,1,eligible,138,138,1.0,6455
CD009579,9749635,1,eligible,138,138,1.0,6455
CD009579,11155931,1,eligible,138,138,1.0,6455
CD009579,7154900,1,eligible,138,138,1.0,6455
CD009579,24743389,1,eligible,138,138,1.0,6455
CD009579,2545370,1,eligible,138,138,1.0,6455
CD009579,3116682,1,eligible,138,138,1.0,6455
CD009579,8619439,1,eligible,138,138,1.0,6455
CD009579,3140683,1,eligible,138,138,1.0,6455
CD009579,7872453,1,eligible,138,138,1.0,6455
CD009579,23359826,1,eligible,138,138,1.0,6455
CD009579,23716406,1,eligible,138,138,1.0,6455
CD009579,15583265,1,eligible,138,138,1.0,6455
CD009579,12002103,1,eligible,138,138,1.0,6455
CD009579,19168393,1,eligible,138,138,1.0,6455
CD009579,19818057,1,eligible,138,138,1.0,6455
CD009579,22132246,1,eligible,138,138,1.0,6455
CD009579,7570876,1,eligible,138,138,1.0,6455
CD009579,8985756,1,eligible,138,138,1.0,6455
CD009579,18817603,1,eligible,138,138,1.0,6455
CD009579,10029916,1,eligible,138,138,1.0,6455
CD009579,7570817,1,eligible,138,138,1.0,6455
CD009579,10885183,1,eligible,138,138,1.0,6455
CD009579,16386231,1,eligible,138,138,1.0,6455
CD009579,11784423,1,eligible,138,138,1.0,6455
CD009579,1571210,1,eligible,138,138,1.0,6455
CD009579,21354093,1,eligible,138,138,1.0,6455
CD009579,7458464,1,eligible,138,138,1.0,6455
CD009579,15104153,1,eligible,138,138,1.0,6455
CD009579,23236526,1,eligible,138,138,1.0,6455
CD009579,19270295,1,eligible,138,138,1.0,6455
CD009579,16153313,1,eligible,138,138,1.0,6455
CD009579,8011824,1,eligible,138,138,1.0,6455
CD009579,10463669,1,eligible,138,138,1.0,6455
CD009579,3151417,1,eligible,138,138,1.0,6455
CD009579,2121056,1,eligible,138,138,1.0,6455
CD009579,7810384,1,eligible,138,138,1.0,6455
CD009579,3087728,1,eligible,138,138,1.0,6455
CD009579,1354933,1,eligible,138,138,1.0,6455
CD009579,21692957,1,eligible,138,138,1.0,6455
CD009579,8644912,1,eligible,138,138,1.0,6455
CD009579,8757703,1,eligible,138,138,1.0,6455
CD009579,18202444,0,non_eligible,6317,100,63.17,6455
CD009579,10773705,0,non_eligible,6317,100,63.17,6455
CD009579,8685788,0,non_eligible,6317,100,63.17,6455
CD009579,18950598,0,non_eligible,6317,100,63.17,6455
CD009579,556281,0,non_eligible,6317,100,63.17,6455
CD009579,19695155,0,non_eligible,6317,100,63.17,6455
CD009579,15361236,0,non_eligible,6317,100,63.17,6455
CD009579,113459,0,non_eligible,6317,100,63.17,6455
CD009579,17361824,0,non_eligible,6317,100,63.17,6455
CD009579,14595468,0,non_eligible,6317,100,63.17,6455
CD009579,9288809,0,non_eligible,6317,100,63.17,6455
CD009579,24830194,0,non_eligible,6317,100,63.17,6455
CD009579,5127072,0,non_eligible,6317,100,63.17,6455
CD009579,14183110,0,non_eligible,6317,100,63.17,6455
CD009579,3151415,0,non_eligible,6317,100,63.17,6455
CD009579,7863851,0,non_eligible,6317,100,63.17,6455
CD009579,4455938,0,non_eligible,6317,100,63.17,6455
CD009579,22590863,0,non_eligible,6317,100,63.17,6455
CD009579,11378144,0,non_eligible,6317,100,63.17,6455
CD009579,15147584,0,non_eligible,6317,100,63.17,6455
CD009579,10465054,0,non_eligible,6317,100,63.17,6455
CD009579,11773451,0,non_eligible,6317,100,63.17,6455
CD009579,9921363,0,non_eligible,6317,100,63.17,6455
CD009579,1026216,0,non_eligible,6317,100,63.17,6455
CD009579,9515818,0,non_eligible,6317,100,63.17,6455
CD009579,22724034,0,non_eligible,6317,100,63.17,6455
CD009579,8997864,0,non_eligible,6317,100,63.17,6455
CD009579,10403322,0,non_eligible,6317,100,63.17,6455
CD009579,22231863,0,non_eligible,6317,100,63.17,6455
CD009579,10320623,0,non_eligible,6317,100,63.17,6455
CD009579,4661970,0,non_eligible,6317,100,63.17,6455
CD009579,11980603,0,non_eligible,6317,100,63.17,6455
CD009579,9921326,0,non_eligible,6317,100,63.17,6455
CD009579,16958018,0,non_eligible,6317,100,63.17,6455
CD009579,545818,0,non_eligible,6317,100,63.17,6455
CD009579,24925456,0,non_eligible,6317,100,63.17,6455
CD009579,23648995,0,non_eligible,6317,100,63.17,6455
CD009579,6159796,0,non_eligible,6317,100,63.17,6455
CD009579,17854081,0,non_eligible,6317,100,63.17,6455
CD009579,12133617,0,non_eligible,6317,100,63.17,6455
CD009579,5503378,0,non_eligible,6317,100,63.17,6455
CD009579,1559065,0,non_eligible,6317,100,63.17,6455
CD009579,4117546,0,non_eligible,6317,100,63.17,6455
CD009579,2507647,0,non_eligible,6317,100,63.17,6455
CD009579,16143289,0,non_eligible,6317,100,63.17,6455
CD009579,19361503,0,non_eligible,6317,100,63.17,6455
CD009579,3929804,0,non_eligible,6317,100,63.17,6455
CD009579,11393827,0,non_eligible,6317,100,63.17,6455
CD009579,11139716,0,non_eligible,6317,100,63.17,6455
CD009579,18603722,0,non_eligible,6317,100,63.17,6455
CD009579,94193,0,non_eligible,6317,100,63.17,6455
CD009579,3122873,0,non_eligible,6317,100,63.17,6455
CD009579,12125335,0,non_eligible,6317,100,63.17,6455
CD009579,1422682,0,non_eligible,6317,100,63.17,6455
CD009579,9394192,0,non_eligible,6317,100,63.17,6455
CD009579,11935373,0,non_eligible,6317,100,63.17,6455
CD009579,7386721,0,non_eligible,6317,100,63.17,6455
CD009579,9883929,0,non_eligible,6317,100,63.17,6455
CD009579,2515638,0,non_eligible,6317,100,63.17,6455
CD009579,22940100,0,non_eligible,6317,100,63.17,6455
CD009579,1928571,0,non_eligible,6317,100,63.17,6455
CD009579,6449304,0,non_eligible,6317,100,63.17,6455
CD009579,829665,0,non_eligible,6317,100,63.17,6455
CD009579,340071,0,non_eligible,6317,100,63.17,6455
CD009579,11703840,0,non_eligible,6317,100,63.17,6455
CD009579,24749785,0,non_eligible,6317,100,63.17,6455
CD009579,21788709,0,non_eligible,6317,100,63.17,6455
CD009579,15838791,0,non_eligible,6317,100,63.17,6455
CD009579,12004997,0,non_eligible,6317,100,63.17,6455
CD009579,3108179,0,non_eligible,6317,100,63.17,6455
CD009579,6974387,0,non_eligible,6317,100,63.17,6455
CD009579,3130686,0,non_eligible,6317,100,63.17,6455
CD009579,2643915,0,non_eligible,6317,100,63.17,6455
CD009579,5625700,0,non_eligible,6317,100,63.17,6455
CD009579,12809587,0,non_eligible,6317,100,63.17,6455
CD009579,4558675,0,non_eligible,6317,100,63.17,6455
CD009579,1904197,0,non_eligible,6317,100,63.17,6455
CD009579,4627631,0,non_eligible,6317,100,63.17,6455
CD009579,6729766,0,non_eligible,6317,100,63.17,6455
CD009579,5940528,0,non_eligible,6317,100,63.17,6455
CD009579,8650737,0,non_eligible,6317,100,63.17,6455
CD009579,7732262,0,non_eligible,6317,100,63.17,6455
CD009579,16160717,0,non_eligible,6317,100,63.17,6455
CD009579,6814925,0,non_eligible,6317,100,63.17,6455
CD009579,6821483,0,non_eligible,6317,100,63.17,6455
CD009579,362956,0,non_eligible,6317,100,63.17,6455
CD009579,18571965,0,non_eligible,6317,100,63.17,6455
CD009579,448786,0,non_eligible,6317,100,63.17,6455
CD009579,8337725,0,non_eligible,6317,100,63.17,6455
CD009579,9129435,0,non_eligible,6317,100,63.17,6455
CD009579,4032530,0,non_eligible,6317,100,63.17,6455
CD009579,2492298,0,non_eligible,6317,100,63.17,6455
CD009579,373026,0,non_eligible,6317,100,63.17,6455
CD009579,12212187,0,non_eligible,6317,100,63.17,6455
CD009579,7979625,0,non_eligible,6317,100,63.17,6455
CD009579,18827884,0,non_eligible,6317,100,63.17,6455
CD009579,15756299,0,non_eligible,6317,100,63.17,6455
CD009579,7344406,0,non_eligible,6317,100,63.17,6455
CD009579,15866471,0,non_eligible,6317,100,63.17,6455
CD009579,15105022,0,non_eligible,6317,100,63.17,6455
CD009647,3687569,1,eligible,56,56,1.0,2785
CD009647,22952120,1,eligible,56,56,1.0,2785
CD009647,16182639,1,eligible,56,56,1.0,2785
CD009647,1624737,1,eligible,56,56,1.0,2785
CD009647,8144825,1,eligible,56,56,1.0,2785
CD009647,2176591,1,eligible,56,56,1.0,2785
CD009647,17264513,1,eligible,56,56,1.0,2785
CD009647,20823196,1,eligible,56,56,1.0,2785
CD009647,17661379,1,eligible,56,56,1.0,2785
CD009647,12918647,1,eligible,56,56,1.0,2785
CD009647,12853804,1,eligible,56,56,1.0,2785
CD009647,7930331,1,eligible,56,56,1.0,2785
CD009647,22927754,1,eligible,56,56,1.0,2785
CD009647,15864399,1,eligible,56,56,1.0,2785
CD009647,16115595,1,eligible,56,56,1.0,2785
CD009647,9361660,1,eligible,56,56,1.0,2785
CD009647,1514457,1,eligible,56,56,1.0,2785
CD009647,8702212,1,eligible,56,56,1.0,2785
CD009647,8205020,1,eligible,56,56,1.0,2785
CD009647,21507048,1,eligible,56,56,1.0,2785
CD009647,8533994,1,eligible,56,56,1.0,2785
CD009647,14678708,1,eligible,56,56,1.0,2785
CD009647,16599016,1,eligible,56,56,1.0,2785
CD009647,1989407,1,eligible,56,56,1.0,2785
CD009647,22332693,1,eligible,56,56,1.0,2785
CD009647,21730928,1,eligible,56,56,1.0,2785
CD009647,11927295,1,eligible,56,56,1.0,2785
CD009647,4953659,1,eligible,56,56,1.0,2785
CD009647,9310086,1,eligible,56,56,1.0,2785
CD009647,22687791,1,eligible,56,56,1.0,2785
CD009647,7211555,1,eligible,56,56,1.0,2785
CD009647,14728653,1,eligible,56,56,1.0,2785
CD009647,15941885,1,eligible,56,56,1.0,2785
CD009647,11382792,1,eligible,56,56,1.0,2785
CD009647,9358345,1,eligible,56,56,1.0,2785
CD009647,10518250,1,eligible,56,56,1.0,2785
CD009647,11858345,1,eligible,56,56,1.0,2785
CD009647,15181427,1,eligible,56,56,1.0,2785
CD009647,9665674,1,eligible,56,56,1.0,2785
CD009647,15210289,1,eligible,56,56,1.0,2785
CD009647,22091575,1,eligible,56,56,1.0,2785
CD009647,15345731,1,eligible,56,56,1.0,2785
CD009647,12705111,1,eligible,56,56,1.0,2785
CD009647,6472364,1,eligible,56,56,1.0,2785
CD009647,9188290,1,eligible,56,56,1.0,2785
CD009647,10826233,1,eligible,56,56,1.0,2785
CD009647,16913989,1,eligible,56,56,1.0,2785
CD009647,14661820,1,eligible,56,56,1.0,2785
CD009647,19228780,1,eligible,56,56,1.0,2785
CD009647,23063989,1,eligible,56,56,1.0,2785
CD009647,19515476,1,eligible,56,56,1.0,2785
CD009647,17616343,1,eligible,56,56,1.0,2785
CD009647,12959652,1,eligible,56,56,1.0,2785
CD009647,20305328,1,eligible,56,56,1.0,2785
CD009647,18981042,1,eligible,56,56,1.0,2785
CD009647,9458998,1,eligible,56,56,1.0,2785
CD009647,17466972,0,non_eligible,2729,100,27.29,2785
CD009647,16217942,0,non_eligible,2729,100,27.29,2785
CD009647,7331870,0,non_eligible,2729,100,27.29,2785
CD009647,21624108,0,non_eligible,2729,100,27.29,2785
CD009647,8850214,0,non_eligible,2729,100,27.29,2785
CD009647,10598561,0,non_eligible,2729,100,27.29,2785
CD009647,17301591,0,non_eligible,2729,100,27.29,2785
CD009647,23388510,0,non_eligible,2729,100,27.29,2785
CD009647,22663954,0,non_eligible,2729,100,27.29,2785
CD009647,3818143,0,non_eligible,2729,100,27.29,2785
CD009647,12613932,0,non_eligible,2729,100,27.29,2785
CD009647,16797424,0,non_eligible,2729,100,27.29,2785
CD009647,2440274,0,non_eligible,2729,100,27.29,2785
CD009647,22980301,0,non_eligible,2729,100,27.29,2785
CD009647,19266119,0,non_eligible,2729,100,27.29,2785
CD009647,23307545,0,non_eligible,2729,100,27.29,2785
CD009647,17413560,0,non_eligible,2729,100,27.29,2785
CD009647,11795252,0,non_eligible,2729,100,27.29,2785
CD009647,5766476,0,non_eligible,2729,100,27.29,2785
CD009647,23505804,0,non_eligible,2729,100,27.29,2785
CD009647,2420003,0,non_eligible,2729,100,27.29,2785
CD009647,9690731,0,non_eligible,2729,100,27.29,2785
CD009647,6794488,0,non_eligible,2729,100,27.29,2785
CD009647,15256796,0,non_eligible,2729,100,27.29,2785
CD009647,14368736,0,non_eligible,2729,100,27.29,2785
CD009647,9737099,0,non_eligible,2729,100,27.29,2785
CD009647,10599213,0,non_eligible,2729,100,27.29,2785
CD009647,2770356,0,non_eligible,2729,100,27.29,2785
CD009647,16965591,0,non_eligible,2729,100,27.29,2785
CD009647,21166367,0,non_eligible,2729,100,27.29,2785
CD009647,16901913,0,non_eligible,2729,100,27.29,2785
CD009647,12173815,0,non_eligible,2729,100,27.29,2785
CD009647,21651656,0,non_eligible,2729,100,27.29,2785
CD009647,19117500,0,non_eligible,2729,100,27.29,2785
CD009647,12045547,0,non_eligible,2729,100,27.29,2785
CD009647,6124140,0,non_eligible,2729,100,27.29,2785
CD009647,7942597,0,non_eligible,2729,100,27.29,2785
CD009647,7400369,0,non_eligible,2729,100,27.29,2785
CD009647,7919137,0,non_eligible,2729,100,27.29,2785
CD009647,16861016,0,non_eligible,2729,100,27.29,2785
CD009647,10967919,0,non_eligible,2729,100,27.29,2785
CD009647,12141471,0,non_eligible,2729,100,27.29,2785
CD009647,16304249,0,non_eligible,2729,100,27.29,2785
CD009647,506939,0,non_eligible,2729,100,27.29,2785
CD009647,14616365,0,non_eligible,2729,100,27.29,2785
CD009647,8960430,0,non_eligible,2729,100,27.29,2785
CD009647,15826425,0,non_eligible,2729,100,27.29,2785
CD009647,22022216,0,non_eligible,2729,100,27.29,2785
CD009647,2576110,0,non_eligible,2729,100,27.29,2785
CD009647,17634270,0,non_eligible,2729,100,27.29,2785
CD009647,2216006,0,non_eligible,2729,100,27.29,2785
CD009647,16007563,0,non_eligible,2729,100,27.29,2785
CD009647,2038133,0,non_eligible,2729,100,27.29,2785
CD009647,19190400,0,non_eligible,2729,100,27.29,2785
CD009647,11079488,0,non_eligible,2729,100,27.29,2785
CD009647,14582043,0,non_eligible,2729,100,27.29,2785
CD009647,9795784,0,non_eligible,2729,100,27.29,2785
CD009647,10543502,0,non_eligible,2729,100,27.29,2785
CD009647,9100572,0,non_eligible,2729,100,27.29,2785
CD009647,18292441,0,non_eligible,2729,100,27.29,2785
CD009647,10865710,0,non_eligible,2729,100,27.29,2785
CD009647,12059010,0,non_eligible,2729,100,27.29,2785
CD009647,8042574,0,non_eligible,2729,100,27.29,2785
CD009647,3133995,0,non_eligible,2729,100,27.29,2785
CD009647,5082308,0,non_eligible,2729,100,27.29,2785
CD009647,21358396,0,non_eligible,2729,100,27.29,2785
CD009647,10893331,0,non_eligible,2729,100,27.29,2785
CD009647,17415234,0,non_eligible,2729,100,27.29,2785
CD009647,21867622,0,non_eligible,2729,100,27.29,2785
CD009647,12631373,0,non_eligible,2729,100,27.29,2785
CD009647,9558859,0,non_eligible,2729,100,27.29,2785
CD009647,9712558,0,non_eligible,2729,100,27.29,2785
CD009647,2009244,0,non_eligible,2729,100,27.29,2785
CD009647,1093756,0,non_eligible,2729,100,27.29,2785
CD009647,5461392,0,non_eligible,2729,100,27.29,2785
CD009647,17082887,0,non_eligible,2729,100,27.29,2785
CD009647,6531933,0,non_eligible,2729,100,27.29,2785
CD009647,2312932,0,non_eligible,2729,100,27.29,2785
CD009647,17019079,0,non_eligible,2729,100,27.29,2785
CD009647,10898308,0,non_eligible,2729,100,27.29,2785
CD009647,21125199,0,non_eligible,2729,100,27.29,2785
CD009647,22922709,0,non_eligible,2729,100,27.29,2785
CD009647,10807471,0,non_eligible,2729,100,27.29,2785
CD009647,18694703,0,non_eligible,2729,100,27.29,2785
CD009647,21612047,0,non_eligible,2729,100,27.29,2785
CD009647,11552334,0,non_eligible,2729,100,27.29,2785
CD009647,17306903,0,non_eligible,2729,100,27.29,2785
CD009647,2272189,0,non_eligible,2729,100,27.29,2785
CD009647,20509595,0,non_eligible,2729,100,27.29,2785
CD009647,2365960,0,non_eligible,2729,100,27.29,2785
CD009647,15043849,0,non_eligible,2729,100,27.29,2785
CD009647,7797744,0,non_eligible,2729,100,27.29,2785
CD009647,421671,0,non_eligible,2729,100,27.29,2785
CD009647,450295,0,non_eligible,2729,100,27.29,2785
CD009647,19002128,0,non_eligible,2729,100,27.29,2785
CD009647,8919893,0,non_eligible,2729,100,27.29,2785
CD009647,14608923,0,non_eligible,2729,100,27.29,2785
CD009647,5658724,0,non_eligible,2729,100,27.29,2785
CD009647,15931644,0,non_eligible,2729,100,27.29,2785
CD009647,19704098,0,non_eligible,2729,100,27.29,2785
CD009786,16325244,1,eligible,10,10,1.0,2065
CD009786,16791447,1,eligible,10,10,1.0,2065
CD009786,16515565,1,eligible,10,10,1.0,2065
CD009786,2952542,1,eligible,10,10,1.0,2065
CD009786,8118352,1,eligible,10,10,1.0,2065
CD009786,19500391,1,eligible,10,10,1.0,2065
CD009786,20932362,1,eligible,10,10,1.0,2065
CD009786,15721418,1,eligible,10,10,1.0,2065
CD009786,9887245,1,eligible,10,10,1.0,2065
CD009786,18572226,1,eligible,10,10,1.0,2065
CD009786,6450444,0,non_eligible,2055,100,20.55,2065
CD009786,11141421,0,non_eligible,2055,100,20.55,2065
CD009786,15673006,0,non_eligible,2055,100,20.55,2065
CD009786,6631839,0,non_eligible,2055,100,20.55,2065
CD009786,1746200,0,non_eligible,2055,100,20.55,2065
CD009786,17187015,0,non_eligible,2055,100,20.55,2065
CD009786,3373267,0,non_eligible,2055,100,20.55,2065
CD009786,15032281,0,non_eligible,2055,100,20.55,2065
CD009786,11263935,0,non_eligible,2055,100,20.55,2065
CD009786,8163617,0,non_eligible,2055,100,20.55,2065
CD009786,20045752,0,non_eligible,2055,100,20.55,2065
CD009786,1457508,0,non_eligible,2055,100,20.55,2065
CD009786,11828663,0,non_eligible,2055,100,20.55,2065
CD009786,9209664,0,non_eligible,2055,100,20.55,2065
CD009786,10739542,0,non_eligible,2055,100,20.55,2065
CD009786,19896594,0,non_eligible,2055,100,20.55,2065
CD009786,12457142,0,non_eligible,2055,100,20.55,2065
CD009786,20638901,0,non_eligible,2055,100,20.55,2065
CD009786,19151992,0,non_eligible,2055,100,20.55,2065
CD009786,17581760,0,non_eligible,2055,100,20.55,2065
CD009786,23220563,0,non_eligible,2055,100,20.55,2065
CD009786,21566518,0,non_eligible,2055,100,20.55,2065
CD009786,8059816,0,non_eligible,2055,100,20.55,2065
CD009786,7478032,0,non_eligible,2055,100,20.55,2065
CD009786,20931212,0,non_eligible,2055,100,20.55,2065
CD009786,8579212,0,non_eligible,2055,100,20.55,2065
CD009786,7735015,0,non_eligible,2055,100,20.55,2065
CD009786,11816533,0,non_eligible,2055,100,20.55,2065
CD009786,10758805,0,non_eligible,2055,100,20.55,2065
CD009786,6455064,0,non_eligible,2055,100,20.55,2065
CD009786,20409655,0,non_eligible,2055,100,20.55,2065
CD009786,18555237,0,non_eligible,2055,100,20.55,2065
CD009786,11553899,0,non_eligible,2055,100,20.55,2065
CD009786,19292804,0,non_eligible,2055,100,20.55,2065
CD009786,7461150,0,non_eligible,2055,100,20.55,2065
CD009786,8641503,0,non_eligible,2055,100,20.55,2065
CD009786,20824864,0,non_eligible,2055,100,20.55,2065
CD009786,15589609,0,non_eligible,2055,100,20.55,2065
CD009786,11977327,0,non_eligible,2055,100,20.55,2065
CD009786,22333231,0,non_eligible,2055,100,20.55,2065
CD009786,7904954,0,non_eligible,2055,100,20.55,2065
CD009786,18447057,0,non_eligible,2055,100,20.55,2065
CD009786,12468334,0,non_eligible,2055,100,20.55,2065
CD009786,2527175,0,non_eligible,2055,100,20.55,2065
CD009786,11174478,0,non_eligible,2055,100,20.55,2065
CD009786,6232990,0,non_eligible,2055,100,20.55,2065
CD009786,10548709,0,non_eligible,2055,100,20.55,2065
CD009786,11394427,0,non_eligible,2055,100,20.55,2065
CD009786,20059391,0,non_eligible,2055,100,20.55,2065
CD009786,10976443,0,non_eligible,2055,100,20.55,2065
CD009786,15617715,0,non_eligible,2055,100,20.55,2065
CD009786,10430190,0,non_eligible,2055,100,20.55,2065
CD009786,17693116,0,non_eligible,2055,100,20.55,2065
CD009786,23374386,0,non_eligible,2055,100,20.55,2065
CD009786,9240592,0,non_eligible,2055,100,20.55,2065
CD009786,22356011,0,non_eligible,2055,100,20.55,2065
CD009786,12903553,0,non_eligible,2055,100,20.55,2065
CD009786,18722966,0,non_eligible,2055,100,20.55,2065
CD009786,2140995,0,non_eligible,2055,100,20.55,2065
CD009786,2213099,0,non_eligible,2055,100,20.55,2065
CD009786,12214726,0,non_eligible,2055,100,20.55,2065
CD009786,19846211,0,non_eligible,2055,100,20.55,2065
CD009786,17848322,0,non_eligible,2055,100,20.55,2065
CD009786,15072738,0,non_eligible,2055,100,20.55,2065
CD009786,6448404,0,non_eligible,2055,100,20.55,2065
CD009786,22652482,0,non_eligible,2055,100,20.55,2065
CD009786,9050607,0,non_eligible,2055,100,20.55,2065
CD009786,6454354,0,non_eligible,2055,100,20.55,2065
CD009786,15721444,0,non_eligible,2055,100,20.55,2065
CD009786,9885355,0,non_eligible,2055,100,20.55,2065
CD009786,11526777,0,non_eligible,2055,100,20.55,2065
CD009786,17267138,0,non_eligible,2055,100,20.55,2065
CD009786,19916886,0,non_eligible,2055,100,20.55,2065
CD009786,16034946,0,non_eligible,2055,100,20.55,2065
CD009786,7879398,0,non_eligible,2055,100,20.55,2065
CD009786,21902936,0,non_eligible,2055,100,20.55,2065
CD009786,10459057,0,non_eligible,2055,100,20.55,2065
CD009786,151139,0,non_eligible,2055,100,20.55,2065
CD009786,9336750,0,non_eligible,2055,100,20.55,2065
CD009786,140535,0,non_eligible,2055,100,20.55,2065
CD009786,21633305,0,non_eligible,2055,100,20.55,2065
CD009786,19366536,0,non_eligible,2055,100,20.55,2065
CD009786,3107721,0,non_eligible,2055,100,20.55,2065
CD009786,17076199,0,non_eligible,2055,100,20.55,2065
CD009786,22136884,0,non_eligible,2055,100,20.55,2065
CD009786,6453013,0,non_eligible,2055,100,20.55,2065
CD009786,16575358,0,non_eligible,2055,100,20.55,2065
CD009786,12214460,0,non_eligible,2055,100,20.55,2065
CD009786,14616261,0,non_eligible,2055,100,20.55,2065
CD009786,8513634,0,non_eligible,2055,100,20.55,2065
CD009786,8875037,0,non_eligible,2055,100,20.55,2065
CD009786,16260204,0,non_eligible,2055,100,20.55,2065
CD009786,21424549,0,non_eligible,2055,100,20.55,2065
CD009786,22818540,0,non_eligible,2055,100,20.55,2065
CD009786,7557611,0,non_eligible,2055,100,20.55,2065
CD009786,9050490,0,non_eligible,2055,100,20.55,2065
CD009786,2149253,0,non_eligible,2055,100,20.55,2065
CD009786,20375795,0,non_eligible,2055,100,20.55,2065
CD009786,8582588,0,non_eligible,2055,100,20.55,2065
CD009786,17146744,0,non_eligible,2055,100,20.55,2065
CD009925,10932977,1,eligible,460,460,1.0,6531
CD009925,10719325,1,eligible,460,460,1.0,6531
CD009925,14746340,1,eligible,460,460,1.0,6531
CD009925,1694288,1,eligible,460,460,1.0,6531
CD009925,10370769,1,eligible,460,460,1.0,6531
CD009925,9793970,1,eligible,460,460,1.0,6531
CD009925,12124691,1,eligible,460,460,1.0,6531
CD009925,7514291,1,eligible,460,460,1.0,6531
CD009925,10730073,1,eligible,460,460,1.0,6531
CD009925,14723746,1,eligible,460,460,1.0,6531
CD009925,8706953,1,eligible,460,460,1.0,6531
CD009925,10698877,1,eligible,460,460,1.0,6531
CD009925,9602476,1,eligible,460,460,1.0,6531
CD009925,16088864,1,eligible,460,460,1.0,6531
CD009925,10659916,1,eligible,460,460,1.0,6531
CD009925,10493028,1,eligible,460,460,1.0,6531
CD009925,16239650,1,eligible,460,460,1.0,6531
CD009925,12948096,1,eligible,460,460,1.0,6531
CD009925,16282175,1,eligible,460,460,1.0,6531
CD009925,1710067,1,eligible,460,460,1.0,6531
CD009925,9795869,1,eligible,460,460,1.0,6531
CD009925,8790485,1,eligible,460,460,1.0,6531
CD009925,10740204,1,eligible,460,460,1.0,6531
CD009925,7685092,1,eligible,460,460,1.0,6531
CD009925,1475248,1,eligible,460,460,1.0,6531
CD009925,9799767,1,eligible,460,460,1.0,6531
CD009925,15493716,1,eligible,460,460,1.0,6531
CD009925,8446569,1,eligible,460,460,1.0,6531
CD009925,7688448,1,eligible,460,460,1.0,6531
CD009925,15262353,1,eligible,460,460,1.0,6531
CD009925,10505009,1,eligible,460,460,1.0,6531
CD009925,16723105,1,eligible,460,460,1.0,6531
CD009925,11746159,1,eligible,460,460,1.0,6531
CD009925,7514290,1,eligible,460,460,1.0,6531
CD009925,1710952,1,eligible,460,460,1.0,6531
CD009925,12468159,1,eligible,460,460,1.0,6531
CD009925,16601476,1,eligible,460,460,1.0,6531
CD009925,16526003,1,eligible,460,460,1.0,6531
CD009925,9987687,1,eligible,460,460,1.0,6531
CD009925,2151180,1,eligible,460,460,1.0,6531
CD009925,16018135,1,eligible,460,460,1.0,6531
CD009925,11506458,1,eligible,460,460,1.0,6531
CD009925,7479592,1,eligible,460,460,1.0,6531
CD009925,16394033,1,eligible,460,460,1.0,6531
CD009925,9369838,1,eligible,460,460,1.0,6531
CD009925,9316131,1,eligible,460,460,1.0,6531
CD009925,12491624,1,eligible,460,460,1.0,6531
CD009925,7955459,1,eligible,460,460,1.0,6531
CD009925,9467810,1,eligible,460,460,1.0,6531
CD009925,11373844,1,eligible,460,460,1.0,6531
CD009925,9706649,1,eligible,460,460,1.0,6531
CD009925,17154235,1,eligible,460,460,1.0,6531
CD009925,9236646,1,eligible,460,460,1.0,6531
CD009925,8624312,1,eligible,460,460,1.0,6531
CD009925,6201071,1,eligible,460,460,1.0,6531
CD009925,8783867,1,eligible,460,460,1.0,6531
CD009925,12798540,1,eligible,460,460,1.0,6531
CD009925,2531546,1,eligible,460,460,1.0,6531
CD009925,11925411,1,eligible,460,460,1.0,6531
CD009925,7678369,1,eligible,460,460,1.0,6531
CD009925,7586574,1,eligible,460,460,1.0,6531
CD009925,8623786,1,eligible,460,460,1.0,6531
CD009925,8155202,1,eligible,460,460,1.0,6531
CD009925,8420319,1,eligible,460,460,1.0,6531
CD009925,1694994,1,eligible,460,460,1.0,6531
CD009925,8177831,1,eligible,460,460,1.0,6531
CD009925,1379344,1,eligible,460,460,1.0,6531
CD009925,9688417,1,eligible,460,460,1.0,6531
CD009925,14698332,1,eligible,460,460,1.0,6531
CD009925,1829379,1,eligible,460,460,1.0,6531
CD009925,16104673,1,eligible,460,460,1.0,6531
CD009925,7850598,1,eligible,460,460,1.0,6531
CD009925,9061761,1,eligible,460,460,1.0,6531
CD009925,11477806,1,eligible,460,460,1.0,6531
CD009925,7677967,1,eligible,460,460,1.0,6531
CD009925,12424764,1,eligible,460,460,1.0,6531
CD009925,9918086,1,eligible,460,460,1.0,6531
CD009925,8796802,1,eligible,460,460,1.0,6531
CD009925,2971018,1,eligible,460,460,1.0,6531
CD009925,8821849,1,eligible,460,460,1.0,6531
CD009925,7544898,1,eligible,460,460,1.0,6531
CD009925,9052584,1,eligible,460,460,1.0,6531
CD009925,9052585,1,eligible,460,460,1.0,6531
CD009925,7485339,1,eligible,460,460,1.0,6531
CD009925,1375379,1,eligible,460,460,1.0,6531
CD009925,7544068,1,eligible,460,460,1.0,6531
CD009925,10360516,1,eligible,460,460,1.0,6531
CD009925,10360515,1,eligible,460,460,1.0,6531
CD009925,9166801,1,eligible,460,460,1.0,6531
CD009925,15791658,1,eligible,460,460,1.0,6531
CD009925,12533803,1,eligible,460,460,1.0,6531
CD009925,12575025,1,eligible,460,460,1.0,6531
CD009925,15458882,1,eligible,460,460,1.0,6531
CD009925,15340255,1,eligible,460,460,1.0,6531
CD009925,12575027,1,eligible,460,460,1.0,6531
CD009925,12521697,1,eligible,460,460,1.0,6531
CD009925,16363364,1,eligible,460,460,1.0,6531
CD009925,15816008,1,eligible,460,460,1.0,6531
CD009925,16634118,1,eligible,460,460,1.0,6531
CD009925,2475015,1,eligible,460,460,1.0,6531
CD009925,9450880,1,eligible,460,460,1.0,6531
CD009925,11130099,1,eligible,460,460,1.0,6531
CD009925,16231324,1,eligible,460,460,1.0,6531
CD009925,10846774,1,eligible,460,460,1.0,6531
CD009925,9516012,1,eligible,460,460,1.0,6531
CD009925,9031840,1,eligible,460,460,1.0,6531
CD009925,2437951,1,eligible,460,460,1.0,6531
CD009925,8905893,1,eligible,460,460,1.0,6531
CD009925,16892462,1,eligible,460,460,1.0,6531
CD009925,14561260,1,eligible,460,460,1.0,6531
CD009925,1379701,1,eligible,460,460,1.0,6531
CD009925,10503178,1,eligible,460,460,1.0,6531
CD009925,10327142,1,eligible,460,460,1.0,6531
CD009925,12868090,1,eligible,460,460,1.0,6531
CD009925,12868091,1,eligible,460,460,1.0,6531
CD009925,16821246,1,eligible,460,460,1.0,6531
CD009925,9639764,1,eligible,460,460,1.0,6531
CD009925,14698823,1,eligible,460,460,1.0,6531
CD009925,8953641,1,eligible,460,460,1.0,6531
CD009925,15343592,1,eligible,460,460,1.0,6531
CD009925,10426620,1,eligible,460,460,1.0,6531
CD009925,9988824,1,eligible,460,460,1.0,6531
CD009925,11425838,1,eligible,460,460,1.0,6531
CD009925,15905286,1,eligible,460,460,1.0,6531
CD009925,12803832,1,eligible,460,460,1.0,6531
CD009925,12711876,1,eligible,460,460,1.0,6531
CD009925,15912479,1,eligible,460,460,1.0,6531
CD009925,7521964,1,eligible,460,460,1.0,6531
CD009925,8466163,1,eligible,460,460,1.0,6531
CD009925,7522430,1,eligible,460,460,1.0,6531
CD009925,7552826,1,eligible,460,460,1.0,6531
CD009925,2439909,1,eligible,460,460,1.0,6531
CD009925,11967511,1,eligible,460,460,1.0,6531
CD009925,9556039,1,eligible,460,460,1.0,6531
CD009925,15736183,1,eligible,460,460,1.0,6531
CD009925,2436735,1,eligible,460,460,1.0,6531
CD009925,14974121,1,eligible,460,460,1.0,6531
CD009925,8878280,1,eligible,460,460,1.0,6531
CD009925,16388325,1,eligible,460,460,1.0,6531
CD009925,16949423,1,eligible,460,460,1.0,6531
CD009925,10701845,1,eligible,460,460,1.0,6531
CD009925,11730770,1,eligible,460,460,1.0,6531
CD009925,9618713,1,eligible,460,460,1.0,6531
CD009925,2412442,1,eligible,460,460,1.0,6531
CD009925,10589070,1,eligible,460,460,1.0,6531
CD009925,16569298,1,eligible,460,460,1.0,6531
CD009925,2151560,1,eligible,460,460,1.0,6531
CD009925,2145556,1,eligible,460,460,1.0,6531
CD009925,1720281,1,eligible,460,460,1.0,6531
CD009925,10916570,1,eligible,460,460,1.0,6531
CD009925,9578511,1,eligible,460,460,1.0,6531
CD009925,8575349,1,eligible,460,460,1.0,6531
CD009925,12635737,1,eligible,460,460,1.0,6531
CD009925,2476703,1,eligible,460,460,1.0,6531
CD009925,12378579,1,eligible,460,460,1.0,6531
CD009925,12378572,1,eligible,460,460,1.0,6531
CD009925,12378577,1,eligible,460,460,1.0,6531
CD009925,12378574,1,eligible,460,460,1.0,6531
CD009925,15042005,1,eligible,460,460,1.0,6531
CD009925,11038455,1,eligible,460,460,1.0,6531
CD009925,11038452,1,eligible,460,460,1.0,6531
CD009925,11810642,1,eligible,460,460,1.0,6531
CD009925,8796771,1,eligible,460,460,1.0,6531
CD009925,2470844,1,eligible,460,460,1.0,6531
CD009925,2467563,1,eligible,460,460,1.0,6531
CD009925,2762231,1,eligible,460,460,1.0,6531
CD009925,1716981,1,eligible,460,460,1.0,6531
CD009925,9197882,1,eligible,460,460,1.0,6531
CD009925,15572481,1,eligible,460,460,1.0,6531
CD009925,7694460,1,eligible,460,460,1.0,6531
CD009925,12642052,1,eligible,460,460,1.0,6531
CD009925,11762654,1,eligible,460,460,1.0,6531
CD009925,10962045,1,eligible,460,460,1.0,6531
CD009925,2968116,1,eligible,460,460,1.0,6531
CD009925,9933821,1,eligible,460,460,1.0,6531
CD009925,16163740,1,eligible,460,460,1.0,6531
CD009925,9277646,1,eligible,460,460,1.0,6531
CD009925,10204206,1,eligible,460,460,1.0,6531
CD009925,8861045,1,eligible,460,460,1.0,6531
CD009925,10441601,1,eligible,460,460,1.0,6531
CD009925,15906426,1,eligible,460,460,1.0,6531
CD009925,11438945,1,eligible,460,460,1.0,6531
CD009925,15057952,1,eligible,460,460,1.0,6531
CD009925,2460174,1,eligible,460,460,1.0,6531
CD009925,12615827,1,eligible,460,460,1.0,6531
CD009925,10326883,1,eligible,460,460,1.0,6531
CD009925,7485343,1,eligible,460,460,1.0,6531
CD009925,14981387,1,eligible,460,460,1.0,6531
CD009925,11360284,1,eligible,460,460,1.0,6531
CD009925,1689225,1,eligible,460,460,1.0,6531
CD009925,14620889,1,eligible,460,460,1.0,6531
CD009925,2467833,1,eligible,460,460,1.0,6531
CD009925,11494292,1,eligible,460,460,1.0,6531
CD009925,11494290,1,eligible,460,460,1.0,6531
CD009925,7508624,1,eligible,460,460,1.0,6531
CD009925,16710884,1,eligible,460,460,1.0,6531
CD009925,8284287,1,eligible,460,460,1.0,6531
CD009925,15295343,1,eligible,460,460,1.0,6531
CD009925,9442163,1,eligible,460,460,1.0,6531
CD009925,8751737,1,eligible,460,460,1.0,6531
CD009925,9572446,1,eligible,460,460,1.0,6531
CD009925,1287642,1,eligible,460,460,1.0,6531
CD009925,15166108,1,eligible,460,460,1.0,6531
CD009925,7531397,1,eligible,460,460,1.0,6531
CD009925,12913867,1,eligible,460,460,1.0,6531
CD009925,9396881,1,eligible,460,460,1.0,6531
CD009925,11702835,1,eligible,460,460,1.0,6531
CD009925,7528054,1,eligible,460,460,1.0,6531
CD009925,9409857,1,eligible,460,460,1.0,6531
CD009925,15229849,1,eligible,460,460,1.0,6531
CD009925,9793980,1,eligible,460,460,1.0,6531
CD009925,7510852,1,eligible,460,460,1.0,6531
CD009925,9207822,1,eligible,460,460,1.0,6531
CD009925,9086517,1,eligible,460,460,1.0,6531
CD009925,10694680,1,eligible,460,460,1.0,6531
CD009925,9746377,1,eligible,460,460,1.0,6531
CD009925,15802030,1,eligible,460,460,1.0,6531
CD009925,10416963,1,eligible,460,460,1.0,6531
CD009925,10416965,1,eligible,460,460,1.0,6531
CD009925,10416964,1,eligible,460,460,1.0,6531
CD009925,7524245,1,eligible,460,460,1.0,6531
CD009925,11432311,1,eligible,460,460,1.0,6531
CD009925,8750292,1,eligible,460,460,1.0,6531
CD009925,8750293,1,eligible,460,460,1.0,6531
CD009925,9506270,1,eligible,460,460,1.0,6531
CD009925,15164407,1,eligible,460,460,1.0,6531
CD009925,1713290,1,eligible,460,460,1.0,6531
CD009925,7485301,1,eligible,460,460,1.0,6531
CD009925,7537878,1,eligible,460,460,1.0,6531
CD009925,7537879,1,eligible,460,460,1.0,6531
CD009925,16049986,1,eligible,460,460,1.0,6531
CD009925,16049988,1,eligible,460,460,1.0,6531
CD009925,11288115,1,eligible,460,460,1.0,6531
CD009925,9168574,1,eligible,460,460,1.0,6531
CD009925,7677679,1,eligible,460,460,1.0,6531
CD009925,12564838,1,eligible,460,460,1.0,6531
CD009925,15448323,1,eligible,460,460,1.0,6531
CD009925,9255088,1,eligible,460,460,1.0,6531
CD009925,7971765,1,eligible,460,460,1.0,6531
CD009925,7530490,1,eligible,460,460,1.0,6531
CD009925,11536266,1,eligible,460,460,1.0,6531
CD009925,11278220,1,eligible,460,460,1.0,6531
CD009925,8719150,1,eligible,460,460,1.0,6531
CD009925,8650125,1,eligible,460,460,1.0,6531
CD009925,11152330,1,eligible,460,460,1.0,6531
CD009925,1712100,1,eligible,460,460,1.0,6531
CD009925,7527538,1,eligible,460,460,1.0,6531
CD009925,9801929,1,eligible,460,460,1.0,6531
CD009925,1699417,1,eligible,460,460,1.0,6531
CD009925,10418204,1,eligible,460,460,1.0,6531
CD009925,7685088,1,eligible,460,460,1.0,6531
CD009925,15027009,1,eligible,460,460,1.0,6531
CD009925,9064624,1,eligible,460,460,1.0,6531
CD009925,2423942,1,eligible,460,460,1.0,6531
CD009925,9866951,1,eligible,460,460,1.0,6531
CD009925,1716761,1,eligible,460,460,1.0,6531
CD009925,12636947,1,eligible,460,460,1.0,6531
CD009925,7519773,1,eligible,460,460,1.0,6531
CD009925,15961547,1,eligible,460,460,1.0,6531
CD009925,12769200,1,eligible,460,460,1.0,6531
CD009925,16088196,1,eligible,460,460,1.0,6531
CD009925,11901067,1,eligible,460,460,1.0,6531
CD009925,7518896,1,eligible,460,460,1.0,6531
CD009925,7691041,1,eligible,460,460,1.0,6531
CD009925,8790499,1,eligible,460,460,1.0,6531
CD009925,16810709,1,eligible,460,460,1.0,6531
CD009925,16149258,1,eligible,460,460,1.0,6531
CD009925,10907617,1,eligible,460,460,1.0,6531
CD009925,10419619,1,eligible,460,460,1.0,6531
CD009925,14672489,1,eligible,460,460,1.0,6531
CD009925,1721715,1,eligible,460,460,1.0,6531
CD009925,1721713,1,eligible,460,460,1.0,6531
CD009925,1372820,1,eligible,460,460,1.0,6531
CD009925,8372077,1,eligible,460,460,1.0,6531
CD009925,7681977,1,eligible,460,460,1.0,6531
CD009925,10210119,1,eligible,460,460,1.0,6531
CD009925,10438437,1,eligible,460,460,1.0,6531
CD009925,15161720,1,eligible,460,460,1.0,6531
CD009925,1692234,1,eligible,460,460,1.0,6531
CD009925,9061756,1,eligible,460,460,1.0,6531
CD009925,9664604,1,eligible,460,460,1.0,6531
CD009925,15032969,1,eligible,460,460,1.0,6531
CD009925,9316126,1,eligible,460,460,1.0,6531
CD009925,15198778,1,eligible,460,460,1.0,6531
CD009925,16916050,1,eligible,460,460,1.0,6531
CD009925,9397608,1,eligible,460,460,1.0,6531
CD009925,11925409,1,eligible,460,460,1.0,6531
CD009925,2147362,1,eligible,460,460,1.0,6531
CD009925,9363213,1,eligible,460,460,1.0,6531
CD009925,8790513,1,eligible,460,460,1.0,6531
CD009925,10150964,1,eligible,460,460,1.0,6531
CD009925,12001192,1,eligible,460,460,1.0,6531
CD009925,10828702,1,eligible,460,460,1.0,6531
CD009925,12842057,1,eligible,460,460,1.0,6531
CD009925,12858295,1,eligible,460,460,1.0,6531
CD009925,8849760,1,eligible,460,460,1.0,6531
CD009925,7514056,1,eligible,460,460,1.0,6531
CD009925,9467806,1,eligible,460,460,1.0,6531
CD009925,8590203,1,eligible,460,460,1.0,6531
CD009925,7612531,1,eligible,460,460,1.0,6531
CD009925,9556293,1,eligible,460,460,1.0,6531
CD009925,7485341,1,eligible,460,460,1.0,6531
CD009925,15043467,1,eligible,460,460,1.0,6531
CD009925,8821850,1,eligible,460,460,1.0,6531
CD009925,9790381,1,eligible,460,460,1.0,6531
CD009925,8623792,1,eligible,460,460,1.0,6531
CD009925,8623793,1,eligible,460,460,1.0,6531
CD009925,16638584,1,eligible,460,460,1.0,6531
CD009925,8239901,1,eligible,460,460,1.0,6531
CD009925,10951476,1,eligible,460,460,1.0,6531
CD009925,10951475,1,eligible,460,460,1.0,6531
CD009925,7513121,1,eligible,460,460,1.0,6531
CD009925,7682315,1,eligible,460,460,1.0,6531
CD009925,1438070,1,eligible,460,460,1.0,6531
CD009925,11844204,1,eligible,460,460,1.0,6531
CD009925,12114910,1,eligible,460,460,1.0,6531
CD009925,8885729,1,eligible,460,460,1.0,6531
CD009925,9267893,1,eligible,460,460,1.0,6531
CD009925,9855608,1,eligible,460,460,1.0,6531
CD009925,10406664,1,eligible,460,460,1.0,6531
CD009925,10492104,1,eligible,460,460,1.0,6531
CD009925,1831336,1,eligible,460,460,1.0,6531
CD009925,7684957,1,eligible,460,460,1.0,6531
CD009925,12905710,1,eligible,460,460,1.0,6531
CD009925,1717638,1,eligible,460,460,1.0,6531
CD009925,8529948,1,eligible,460,460,1.0,6531
CD009925,10609726,1,eligible,460,460,1.0,6531
CD009925,10609723,1,eligible,460,460,1.0,6531
CD009925,16390612,1,eligible,460,460,1.0,6531
CD009925,10521813,1,eligible,460,460,1.0,6531
CD009925,11559906,1,eligible,460,460,1.0,6531
CD009925,11559904,1,eligible,460,460,1.0,6531
CD009925,11559905,1,eligible,460,460,1.0,6531
CD009925,12370606,1,eligible,460,460,1.0,6531
CD009925,10327139,1,eligible,460,460,1.0,6531
CD009925,10327138,1,eligible,460,460,1.0,6531
CD009925,7540431,1,eligible,460,460,1.0,6531
CD009925,1377388,1,eligible,460,460,1.0,6531
CD009925,15148450,1,eligible,460,460,1.0,6531
CD009925,8606718,1,eligible,460,460,1.0,6531
CD009925,9744055,1,eligible,460,460,1.0,6531
CD009925,12662405,1,eligible,460,460,1.0,6531
CD009925,15844559,1,eligible,460,460,1.0,6531
CD009925,9031839,1,eligible,460,460,1.0,6531
CD009925,9031838,1,eligible,460,460,1.0,6531
CD009925,2426637,1,eligible,460,460,1.0,6531
CD009925,12575012,1,eligible,460,460,1.0,6531
CD009925,14691995,1,eligible,460,460,1.0,6531
CD009925,10426638,1,eligible,460,460,1.0,6531
CD009925,7687460,1,eligible,460,460,1.0,6531
CD009925,11893436,1,eligible,460,460,1.0,6531
CD009925,12210586,1,eligible,460,460,1.0,6531
CD009925,12210583,1,eligible,460,460,1.0,6531
CD009925,9652180,1,eligible,460,460,1.0,6531
CD009925,10521748,1,eligible,460,460,1.0,6531
CD009925,8953638,1,eligible,460,460,1.0,6531
CD009925,10861714,1,eligible,460,460,1.0,6531
CD009925,10861715,1,eligible,460,460,1.0,6531
CD009925,1701526,1,eligible,460,460,1.0,6531
CD009925,11678558,1,eligible,460,460,1.0,6531
CD009925,12798476,1,eligible,460,460,1.0,6531
CD009925,10521822,1,eligible,460,460,1.0,6531
CD009925,11896942,1,eligible,460,460,1.0,6531
CD009925,11821299,1,eligible,460,460,1.0,6531
CD009925,8521600,1,eligible,460,460,1.0,6531
CD009925,10376859,1,eligible,460,460,1.0,6531
CD009925,1280026,1,eligible,460,460,1.0,6531
CD009925,9178313,1,eligible,460,460,1.0,6531
CD009925,11019603,1,eligible,460,460,1.0,6531
CD009925,1494541,1,eligible,460,460,1.0,6531
CD009925,8878278,1,eligible,460,460,1.0,6531
CD009925,8878277,1,eligible,460,460,1.0,6531
CD009925,17042034,1,eligible,460,460,1.0,6531
CD009925,2408699,1,eligible,460,460,1.0,6531
CD009925,8994247,1,eligible,460,460,1.0,6531
CD009925,8994246,1,eligible,460,460,1.0,6531
CD009925,8994245,1,eligible,460,460,1.0,6531
CD009925,8994244,1,eligible,460,460,1.0,6531
CD009925,12237660,1,eligible,460,460,1.0,6531
CD009925,11400939,1,eligible,460,460,1.0,6531
CD009925,8058241,1,eligible,460,460,1.0,6531
CD009925,10521756,1,eligible,460,460,1.0,6531
CD009925,16519623,1,eligible,460,460,1.0,6531
CD009925,9023136,1,eligible,460,460,1.0,6531
CD009925,17077242,1,eligible,460,460,1.0,6531
CD009925,9203211,1,eligible,460,460,1.0,6531
CD009925,12378569,1,eligible,460,460,1.0,6531
CD009925,10589060,1,eligible,460,460,1.0,6531
CD009925,10589062,1,eligible,460,460,1.0,6531
CD009925,8164921,1,eligible,460,460,1.0,6531
CD009925,16013176,1,eligible,460,460,1.0,6531
CD009925,2418684,1,eligible,460,460,1.0,6531
CD009925,11810653,1,eligible,460,460,1.0,6531
CD009925,10341398,1,eligible,460,460,1.0,6531
CD009925,11920904,1,eligible,460,460,1.0,6531
CD009925,11920903,1,eligible,460,460,1.0,6531
CD009925,14618657,1,eligible,460,460,1.0,6531
CD009925,11440550,1,eligible,460,460,1.0,6531
CD009925,1722478,1,eligible,460,460,1.0,6531
CD009925,9351405,1,eligible,460,460,1.0,6531
CD009925,7693095,1,eligible,460,460,1.0,6531
CD009925,12709291,1,eligible,460,460,1.0,6531
CD009925,1382768,1,eligible,460,460,1.0,6531
CD009925,11126167,1,eligible,460,460,1.0,6531
CD009925,15319323,1,eligible,460,460,1.0,6531
CD009925,2428249,1,eligible,460,460,1.0,6531
CD009925,16354992,1,eligible,460,460,1.0,6531
CD009925,16601335,1,eligible,460,460,1.0,6531
CD009925,2436476,1,eligible,460,460,1.0,6531
CD009925,8938061,1,eligible,460,460,1.0,6531
CD009925,8938062,1,eligible,460,460,1.0,6531
CD009925,15557305,1,eligible,460,460,1.0,6531
CD009925,14558032,1,eligible,460,460,1.0,6531
CD009925,2454652,1,eligible,460,460,1.0,6531
CD009925,12738148,1,eligible,460,460,1.0,6531
CD009925,1372176,1,eligible,460,460,1.0,6531
CD009925,11393125,1,eligible,460,460,1.0,6531
CD009925,12211655,1,eligible,460,460,1.0,6531
CD009925,8706425,1,eligible,460,460,1.0,6531
CD009925,11728495,1,eligible,460,460,1.0,6531
CD009925,11844168,1,eligible,460,460,1.0,6531
CD009925,11209176,1,eligible,460,460,1.0,6531
CD009925,15590454,1,eligible,460,460,1.0,6531
CD009925,9476319,1,eligible,460,460,1.0,6531
CD009925,9556040,1,eligible,460,460,1.0,6531
CD009925,9556047,1,eligible,460,460,1.0,6531
CD009925,9556045,1,eligible,460,460,1.0,6531
CD009925,2464931,1,eligible,460,460,1.0,6531
CD009925,1709481,1,eligible,460,460,1.0,6531
CD009925,16752438,1,eligible,460,460,1.0,6531
CD009925,11180243,1,eligible,460,460,1.0,6531
CD009925,11180240,1,eligible,460,460,1.0,6531
CD009925,2441737,1,eligible,460,460,1.0,6531
CD009925,10820406,1,eligible,460,460,1.0,6531
CD009925,12642040,1,eligible,460,460,1.0,6531
CD009925,8968237,1,eligible,460,460,1.0,6531
CD009925,9854718,1,eligible,460,460,1.0,6531
CD009925,1700348,1,eligible,460,460,1.0,6531
CD009925,2424639,1,eligible,460,460,1.0,6531
CD009925,10682475,1,eligible,460,460,1.0,6531
CD009925,9849008,1,eligible,460,460,1.0,6531
CD009925,7525508,1,eligible,460,460,1.0,6531
CD009925,16231402,1,eligible,460,460,1.0,6531
CD009925,15057947,1,eligible,460,460,1.0,6531
CD009925,16757918,1,eligible,460,460,1.0,6531
CD009925,11920889,1,eligible,460,460,1.0,6531
CD009925,9465800,1,eligible,460,460,1.0,6531
CD009925,11489221,1,eligible,460,460,1.0,6531
CD009925,9654169,1,eligible,460,460,1.0,6531
CD009925,10951481,1,eligible,460,460,1.0,6531
CD009925,11679535,1,eligible,460,460,1.0,6531
CD009925,2274489,1,eligible,460,460,1.0,6531
CD009925,12478640,1,eligible,460,460,1.0,6531
CD009925,12937342,1,eligible,460,460,1.0,6531
CD009925,9512261,1,eligible,460,460,1.0,6531
CD009925,15503275,1,eligible,460,460,1.0,6531
CD009925,12383528,1,eligible,460,460,1.0,6531
CD009925,8179549,1,eligible,460,460,1.0,6531
CD009925,7534448,1,eligible,460,460,1.0,6531
CD009925,11165209,1,eligible,460,460,1.0,6531
CD009925,2525339,0,non_eligible,6071,100,60.71,6531
CD009925,6224457,0,non_eligible,6071,100,60.71,6531
CD009925,16420667,0,non_eligible,6071,100,60.71,6531
CD009925,16857692,0,non_eligible,6071,100,60.71,6531
CD009925,9619528,0,non_eligible,6071,100,60.71,6531
CD009925,17469453,0,non_eligible,6071,100,60.71,6531
CD009925,9497154,0,non_eligible,6071,100,60.71,6531
CD009925,7739996,0,non_eligible,6071,100,60.71,6531
CD009925,12905505,0,non_eligible,6071,100,60.71,6531
CD009925,9651446,0,non_eligible,6071,100,60.71,6531
CD009925,2469777,0,non_eligible,6071,100,60.71,6531
CD009925,12454965,0,non_eligible,6071,100,60.71,6531
CD009925,9605253,0,non_eligible,6071,100,60.71,6531
CD009925,11771750,0,non_eligible,6071,100,60.71,6531
CD009925,16507946,0,non_eligible,6071,100,60.71,6531
CD009925,2974678,0,non_eligible,6071,100,60.71,6531
CD009925,15292918,0,non_eligible,6071,100,60.71,6531
CD009925,1415385,0,non_eligible,6071,100,60.71,6531
CD009925,17362564,0,non_eligible,6071,100,60.71,6531
CD009925,2286032,0,non_eligible,6071,100,60.71,6531
CD009925,11111215,0,non_eligible,6071,100,60.71,6531
CD009925,11349203,0,non_eligible,6071,100,60.71,6531
CD009925,16192704,0,non_eligible,6071,100,60.71,6531
CD009925,11771188,0,non_eligible,6071,100,60.71,6531
CD009925,7683916,0,non_eligible,6071,100,60.71,6531
CD009925,15611568,0,non_eligible,6071,100,60.71,6531
CD009925,10951466,0,non_eligible,6071,100,60.71,6531
CD009925,8943549,0,non_eligible,6071,100,60.71,6531
CD009925,9393363,0,non_eligible,6071,100,60.71,6531
CD009925,9249860,0,non_eligible,6071,100,60.71,6531
CD009925,8284285,0,non_eligible,6071,100,60.71,6531
CD009925,8650129,0,non_eligible,6071,100,60.71,6531
CD009925,11783130,0,non_eligible,6071,100,60.71,6531
CD009925,8614443,0,non_eligible,6071,100,60.71,6531
CD009925,15684179,0,non_eligible,6071,100,60.71,6531
CD009925,10875876,0,non_eligible,6071,100,60.71,6531
CD009925,17260215,0,non_eligible,6071,100,60.71,6531
CD009925,11244641,0,non_eligible,6071,100,60.71,6531
CD009925,15106125,0,non_eligible,6071,100,60.71,6531
CD009925,8372074,0,non_eligible,6071,100,60.71,6531
CD009925,2451099,0,non_eligible,6071,100,60.71,6531
CD009925,3157653,0,non_eligible,6071,100,60.71,6531
CD009925,6136658,0,non_eligible,6071,100,60.71,6531
CD009925,15131080,0,non_eligible,6071,100,60.71,6531
CD009925,16757554,0,non_eligible,6071,100,60.71,6531
CD009925,10892157,0,non_eligible,6071,100,60.71,6531
CD009925,7927339,0,non_eligible,6071,100,60.71,6531
CD009925,2464934,0,non_eligible,6071,100,60.71,6531
CD009925,8452645,0,non_eligible,6071,100,60.71,6531
CD009925,6164431,0,non_eligible,6071,100,60.71,6531
CD009925,7726256,0,non_eligible,6071,100,60.71,6531
CD009925,12962264,0,non_eligible,6071,100,60.71,6531
CD009925,8587865,0,non_eligible,6071,100,60.71,6531
CD009925,11975974,0,non_eligible,6071,100,60.71,6531
CD009925,2421950,0,non_eligible,6071,100,60.71,6531
CD009925,10426267,0,non_eligible,6071,100,60.71,6531
CD009925,12457140,0,non_eligible,6071,100,60.71,6531
CD009925,7760473,0,non_eligible,6071,100,60.71,6531
CD009925,14634972,0,non_eligible,6071,100,60.71,6531
CD009925,15112391,0,non_eligible,6071,100,60.71,6531
CD009925,12380396,0,non_eligible,6071,100,60.71,6531
CD009925,16555340,0,non_eligible,6071,100,60.71,6531
CD009925,11746120,0,non_eligible,6071,100,60.71,6531
CD009925,7527584,0,non_eligible,6071,100,60.71,6531
CD009925,14992359,0,non_eligible,6071,100,60.71,6531
CD009925,15099868,0,non_eligible,6071,100,60.71,6531
CD009925,6235486,0,non_eligible,6071,100,60.71,6531
CD009925,1827741,0,non_eligible,6071,100,60.71,6531
CD009925,2009505,0,non_eligible,6071,100,60.71,6531
CD009925,10377306,0,non_eligible,6071,100,60.71,6531
CD009925,11084963,0,non_eligible,6071,100,60.71,6531
CD009925,2448097,0,non_eligible,6071,100,60.71,6531
CD009925,2509804,0,non_eligible,6071,100,60.71,6531
CD009925,9141572,0,non_eligible,6071,100,60.71,6531
CD009925,10354115,0,non_eligible,6071,100,60.71,6531
CD009925,1754566,0,non_eligible,6071,100,60.71,6531
CD009925,10158764,0,non_eligible,6071,100,60.71,6531
CD009925,12867693,0,non_eligible,6071,100,60.71,6531
CD009925,10826326,0,non_eligible,6071,100,60.71,6531
CD009925,8018186,0,non_eligible,6071,100,60.71,6531
CD009925,16104676,0,non_eligible,6071,100,60.71,6531
CD009925,12905507,0,non_eligible,6071,100,60.71,6531
CD009925,12380392,0,non_eligible,6071,100,60.71,6531
CD009925,10924569,0,non_eligible,6071,100,60.71,6531
CD009925,9639772,0,non_eligible,6071,100,60.71,6531
CD009925,15284738,0,non_eligible,6071,100,60.71,6531
CD009925,9664615,0,non_eligible,6071,100,60.71,6531
CD009925,8568359,0,non_eligible,6071,100,60.71,6531
CD009925,17403428,0,non_eligible,6071,100,60.71,6531
CD009925,7501356,0,non_eligible,6071,100,60.71,6531
CD009925,7832286,0,non_eligible,6071,100,60.71,6531
CD009925,12868089,0,non_eligible,6071,100,60.71,6531
CD009925,2339701,0,non_eligible,6071,100,60.71,6531
CD009925,12848457,0,non_eligible,6071,100,60.71,6531
CD009925,16100625,0,non_eligible,6071,100,60.71,6531
CD009925,17411619,0,non_eligible,6071,100,60.71,6531
CD009925,15277896,0,non_eligible,6071,100,60.71,6531
CD009925,2466356,0,non_eligible,6071,100,60.71,6531
CD009925,2773999,0,non_eligible,6071,100,60.71,6531
CD009925,6238170,0,non_eligible,6071,100,60.71,6531
CD010023,6612886,1,eligible,52,52,1.0,981
CD010023,2964829,1,eligible,52,52,1.0,981
CD010023,21359934,1,eligible,52,52,1.0,981
CD010023,21057785,1,eligible,52,52,1.0,981
CD010023,15514541,1,eligible,52,52,1.0,981
CD010023,9122402,1,eligible,52,52,1.0,981
CD010023,9454275,1,eligible,52,52,1.0,981
CD010023,15711629,1,eligible,52,52,1.0,981
CD010023,15979624,1,eligible,52,52,1.0,981
CD010023,3801112,1,eligible,52,52,1.0,981
CD010023,9129428,1,eligible,52,52,1.0,981
CD010023,6747427,1,eligible,52,52,1.0,981
CD010023,11898079,1,eligible,52,52,1.0,981
CD010023,8440272,1,eligible,52,52,1.0,981
CD010023,9921930,1,eligible,52,52,1.0,981
CD010023,17218177,1,eligible,52,52,1.0,981
CD010023,20935524,1,eligible,52,52,1.0,981
CD010023,1389664,1,eligible,52,52,1.0,981
CD010023,8676426,1,eligible,52,52,1.0,981
CD010023,17307177,1,eligible,52,52,1.0,981
CD010023,3502957,1,eligible,52,52,1.0,981
CD010023,17564689,1,eligible,52,52,1.0,981
CD010023,7182293,1,eligible,52,52,1.0,981
CD010023,9889659,1,eligible,52,52,1.0,981
CD010023,18757961,1,eligible,52,52,1.0,981
CD010023,15672921,1,eligible,52,52,1.0,981
CD010023,8673573,1,eligible,52,52,1.0,981
CD010023,15217588,1,eligible,52,52,1.0,981
CD010023,9522669,1,eligible,52,52,1.0,981
CD010023,10622486,1,eligible,52,52,1.0,981
CD010023,8785636,1,eligible,52,52,1.0,981
CD010023,11286584,1,eligible,52,52,1.0,981
CD010023,7574124,1,eligible,52,52,1.0,981
CD010023,18541243,1,eligible,52,52,1.0,981
CD010023,11974963,1,eligible,52,52,1.0,981
CD010023,21206223,1,eligible,52,52,1.0,981
CD010023,512312,1,eligible,52,52,1.0,981
CD010023,9216753,1,eligible,52,52,1.0,981
CD010023,19668095,1,eligible,52,52,1.0,981
CD010023,8753688,1,eligible,52,52,1.0,981
CD010023,8711552,1,eligible,52,52,1.0,981
CD010023,9423687,1,eligible,52,52,1.0,981
CD010023,6221504,1,eligible,52,52,1.0,981
CD010023,16179171,1,eligible,52,52,1.0,981
CD010023,12624687,1,eligible,52,52,1.0,981
CD010023,11374049,1,eligible,52,52,1.0,981
CD010023,17384376,1,eligible,52,52,1.0,981
CD010023,11171509,1,eligible,52,52,1.0,981
CD010023,15515749,1,eligible,52,52,1.0,981
CD010023,10071639,1,eligible,52,52,1.0,981
CD010023,7129827,1,eligible,52,52,1.0,981
CD010023,16793977,1,eligible,52,52,1.0,981
CD010023,21449158,0,non_eligible,929,100,9.29,981
CD010023,17941586,0,non_eligible,929,100,9.29,981
CD010023,1729671,0,non_eligible,929,100,9.29,981
CD010023,8724473,0,non_eligible,929,100,9.29,981
CD010023,19501802,0,non_eligible,929,100,9.29,981
CD010023,8480035,0,non_eligible,929,100,9.29,981
CD010023,19194702,0,non_eligible,929,100,9.29,981
CD010023,22321439,0,non_eligible,929,100,9.29,981
CD010023,1469345,0,non_eligible,929,100,9.29,981
CD010023,17177044,0,non_eligible,929,100,9.29,981
CD010023,2367104,0,non_eligible,929,100,9.29,981
CD010023,18525472,0,non_eligible,929,100,9.29,981
CD010023,20032000,0,non_eligible,929,100,9.29,981
CD010023,17950221,0,non_eligible,929,100,9.29,981
CD010023,19258134,0,non_eligible,929,100,9.29,981
CD010023,1757005,0,non_eligible,929,100,9.29,981
CD010023,11518983,0,non_eligible,929,100,9.29,981
CD010023,1983635,0,non_eligible,929,100,9.29,981
CD010023,15669563,0,non_eligible,929,100,9.29,981
CD010023,6779572,0,non_eligible,929,100,9.29,981
CD010023,3955937,0,non_eligible,929,100,9.29,981
CD010023,7205032,0,non_eligible,929,100,9.29,981
CD010023,11347841,0,non_eligible,929,100,9.29,981
CD010023,20554419,0,non_eligible,929,100,9.29,981
CD010023,19226035,0,non_eligible,929,100,9.29,981
CD010023,15673532,0,non_eligible,929,100,9.29,981
CD010023,20725880,0,non_eligible,929,100,9.29,981
CD010023,21057290,0,non_eligible,929,100,9.29,981
CD010023,21803508,0,non_eligible,929,100,9.29,981
CD010023,11275875,0,non_eligible,929,100,9.29,981
CD010023,19054836,0,non_eligible,929,100,9.29,981
CD010023,12954266,0,non_eligible,929,100,9.29,981
CD010023,8466435,0,non_eligible,929,100,9.29,981
CD010023,12427003,0,non_eligible,929,100,9.29,981
CD010023,12132820,0,non_eligible,929,100,9.29,981
CD010023,8345279,0,non_eligible,929,100,9.29,981
CD010023,18590847,0,non_eligible,929,100,9.29,981
CD010023,1757132,0,non_eligible,929,100,9.29,981
CD010023,20575885,0,non_eligible,929,100,9.29,981
CD010023,1508768,0,non_eligible,929,100,9.29,981
CD010023,22381947,0,non_eligible,929,100,9.29,981
CD010023,11795748,0,non_eligible,929,100,9.29,981
CD010023,20084936,0,non_eligible,929,100,9.29,981
CD010023,19180162,0,non_eligible,929,100,9.29,981
CD010023,14569481,0,non_eligible,929,100,9.29,981
CD010023,17289531,0,non_eligible,929,100,9.29,981
CD010023,16547997,0,non_eligible,929,100,9.29,981
CD010023,8583059,0,non_eligible,929,100,9.29,981
CD010023,12027494,0,non_eligible,929,100,9.29,981
CD010023,15307302,0,non_eligible,929,100,9.29,981
CD010023,9382634,0,non_eligible,929,100,9.29,981
CD010023,10048530,0,non_eligible,929,100,9.29,981
CD010023,7740296,0,non_eligible,929,100,9.29,981
CD010023,16203878,0,non_eligible,929,100,9.29,981
CD010023,11572544,0,non_eligible,929,100,9.29,981
CD010023,15911954,0,non_eligible,929,100,9.29,981
CD010023,18562365,0,non_eligible,929,100,9.29,981
CD010023,19369308,0,non_eligible,929,100,9.29,981
CD010023,12752005,0,non_eligible,929,100,9.29,981
CD010023,10789100,0,non_eligible,929,100,9.29,981
CD010023,2767538,0,non_eligible,929,100,9.29,981
CD010023,22284748,0,non_eligible,929,100,9.29,981
CD010023,21981830,0,non_eligible,929,100,9.29,981
CD010023,457743,0,non_eligible,929,100,9.29,981
CD010023,6744737,0,non_eligible,929,100,9.29,981
CD010023,12421772,0,non_eligible,929,100,9.29,981
CD010023,21048172,0,non_eligible,929,100,9.29,981
CD010023,2055572,0,non_eligible,929,100,9.29,981
CD010023,16171639,0,non_eligible,929,100,9.29,981
CD010023,16019741,0,non_eligible,929,100,9.29,981
CD010023,8688242,0,non_eligible,929,100,9.29,981
CD010023,16570175,0,non_eligible,929,100,9.29,981
CD010023,17950226,0,non_eligible,929,100,9.29,981
CD010023,18656775,0,non_eligible,929,100,9.29,981
CD010023,12494385,0,non_eligible,929,100,9.29,981
CD010023,11331161,0,non_eligible,929,100,9.29,981
CD010023,16404125,0,non_eligible,929,100,9.29,981
CD010023,15346064,0,non_eligible,929,100,9.29,981
CD010023,9556261,0,non_eligible,929,100,9.29,981
CD010023,12141705,0,non_eligible,929,100,9.29,981
CD010023,12015717,0,non_eligible,929,100,9.29,981
CD010023,17219705,0,non_eligible,929,100,9.29,981
CD010023,15293923,0,non_eligible,929,100,9.29,981
CD010023,4090953,0,non_eligible,929,100,9.29,981
CD010023,19524914,0,non_eligible,929,100,9.29,981
CD010023,21708842,0,non_eligible,929,100,9.29,981
CD010023,8203322,0,non_eligible,929,100,9.29,981
CD010023,16716469,0,non_eligible,929,100,9.29,981
CD010023,9171786,0,non_eligible,929,100,9.29,981
CD010023,12479336,0,non_eligible,929,100,9.29,981
CD010023,15665691,0,non_eligible,929,100,9.29,981
CD010023,21960154,0,non_eligible,929,100,9.29,981
CD010023,14727035,0,non_eligible,929,100,9.29,981
CD010023,2366025,0,non_eligible,929,100,9.29,981
CD010023,8333377,0,non_eligible,929,100,9.29,981
CD010023,16897211,0,non_eligible,929,100,9.29,981
CD010023,18543166,0,non_eligible,929,100,9.29,981
CD010023,17142420,0,non_eligible,929,100,9.29,981
CD010023,22648427,0,non_eligible,929,100,9.29,981
CD010023,19322749,0,non_eligible,929,100,9.29,981
CD010173,7697560,1,eligible,23,23,1.0,5495
CD010173,17982206,1,eligible,23,23,1.0,5495
CD010173,3742502,1,eligible,23,23,1.0,5495
CD010173,12798401,1,eligible,23,23,1.0,5495
CD010173,7584579,1,eligible,23,23,1.0,5495
CD010173,10899672,1,eligible,23,23,1.0,5495
CD010173,17660865,1,eligible,23,23,1.0,5495
CD010173,1751941,1,eligible,23,23,1.0,5495
CD010173,4643903,1,eligible,23,23,1.0,5495
CD010173,11202588,1,eligible,23,23,1.0,5495
CD010173,9252209,1,eligible,23,23,1.0,5495
CD010173,10649262,1,eligible,23,23,1.0,5495
CD010173,18547833,1,eligible,23,23,1.0,5495
CD010173,4103469,1,eligible,23,23,1.0,5495
CD010173,15130078,1,eligible,23,23,1.0,5495
CD010173,4521281,1,eligible,23,23,1.0,5495
CD010173,17081665,1,eligible,23,23,1.0,5495
CD010173,2357611,1,eligible,23,23,1.0,5495
CD010173,6610492,1,eligible,23,23,1.0,5495
CD010173,17307587,1,eligible,23,23,1.0,5495
CD010173,14585319,1,eligible,23,23,1.0,5495
CD010173,12835785,1,eligible,23,23,1.0,5495
CD010173,7781305,1,eligible,23,23,1.0,5495
CD010173,19896329,0,non_eligible,5472,100,54.72,5495
CD010173,12229270,0,non_eligible,5472,100,54.72,5495
CD010173,22525605,0,non_eligible,5472,100,54.72,5495
CD010173,1408023,0,non_eligible,5472,100,54.72,5495
CD010173,12738956,0,non_eligible,5472,100,54.72,5495
CD010173,17875858,0,non_eligible,5472,100,54.72,5495
CD010173,8909732,0,non_eligible,5472,100,54.72,5495
CD010173,23250173,0,non_eligible,5472,100,54.72,5495
CD010173,21484926,0,non_eligible,5472,100,54.72,5495
CD010173,2637887,0,non_eligible,5472,100,54.72,5495
CD010173,16536194,0,non_eligible,5472,100,54.72,5495
CD010173,8263369,0,non_eligible,5472,100,54.72,5495
CD010173,18197855,0,non_eligible,5472,100,54.72,5495
CD010173,21417129,0,non_eligible,5472,100,54.72,5495
CD010173,18825780,0,non_eligible,5472,100,54.72,5495
CD010173,18389268,0,non_eligible,5472,100,54.72,5495
CD010173,7857656,0,non_eligible,5472,100,54.72,5495
CD010173,18815819,0,non_eligible,5472,100,54.72,5495
CD010173,206311,0,non_eligible,5472,100,54.72,5495
CD010173,22484868,0,non_eligible,5472,100,54.72,5495
CD010173,18355175,0,non_eligible,5472,100,54.72,5495
CD010173,9448806,0,non_eligible,5472,100,54.72,5495
CD010173,3475658,0,non_eligible,5472,100,54.72,5495
CD010173,15562808,0,non_eligible,5472,100,54.72,5495
CD010173,11132725,0,non_eligible,5472,100,54.72,5495
CD010173,9421224,0,non_eligible,5472,100,54.72,5495
CD010173,12827714,0,non_eligible,5472,100,54.72,5495
CD010173,21969987,0,non_eligible,5472,100,54.72,5495
CD010173,22749518,0,non_eligible,5472,100,54.72,5495
CD010173,8321166,0,non_eligible,5472,100,54.72,5495
CD010173,17010270,0,non_eligible,5472,100,54.72,5495
CD010173,10765853,0,non_eligible,5472,100,54.72,5495
CD010173,18630993,0,non_eligible,5472,100,54.72,5495
CD010173,18059220,0,non_eligible,5472,100,54.72,5495
CD010173,16086089,0,non_eligible,5472,100,54.72,5495
CD010173,6172189,0,non_eligible,5472,100,54.72,5495
CD010173,14340348,0,non_eligible,5472,100,54.72,5495
CD010173,9682777,0,non_eligible,5472,100,54.72,5495
CD010173,4099457,0,non_eligible,5472,100,54.72,5495
CD010173,7702831,0,non_eligible,5472,100,54.72,5495
CD010173,11500626,0,non_eligible,5472,100,54.72,5495
CD010173,9884405,0,non_eligible,5472,100,54.72,5495
CD010173,8644872,0,non_eligible,5472,100,54.72,5495
CD010173,10960018,0,non_eligible,5472,100,54.72,5495
CD010173,3268387,0,non_eligible,5472,100,54.72,5495
CD010173,12564626,0,non_eligible,5472,100,54.72,5495
CD010173,266077,0,non_eligible,5472,100,54.72,5495
CD010173,22125842,0,non_eligible,5472,100,54.72,5495
CD010173,14565097,0,non_eligible,5472,100,54.72,5495
CD010173,23422682,0,non_eligible,5472,100,54.72,5495
CD010173,12969225,0,non_eligible,5472,100,54.72,5495
CD010173,1130807,0,non_eligible,5472,100,54.72,5495
CD010173,7932259,0,non_eligible,5472,100,54.72,5495
CD010173,12973333,0,non_eligible,5472,100,54.72,5495
CD010173,1374171,0,non_eligible,5472,100,54.72,5495
CD010173,23437569,0,non_eligible,5472,100,54.72,5495
CD010173,6041216,0,non_eligible,5472,100,54.72,5495
CD010173,19909635,0,non_eligible,5472,100,54.72,5495
CD010173,15163418,0,non_eligible,5472,100,54.72,5495
CD010173,22670182,0,non_eligible,5472,100,54.72,5495
CD010173,6199247,0,non_eligible,5472,100,54.72,5495
CD010173,14571431,0,non_eligible,5472,100,54.72,5495
CD010173,48533,0,non_eligible,5472,100,54.72,5495
CD010173,15319251,0,non_eligible,5472,100,54.72,5495
CD010173,20525960,0,non_eligible,5472,100,54.72,5495
CD010173,10728605,0,non_eligible,5472,100,54.72,5495
CD010173,10680507,0,non_eligible,5472,100,54.72,5495
CD010173,19702672,0,non_eligible,5472,100,54.72,5495
CD010173,9173222,0,non_eligible,5472,100,54.72,5495
CD010173,23066136,0,non_eligible,5472,100,54.72,5495
CD010173,23084870,0,non_eligible,5472,100,54.72,5495
CD010173,11002410,0,non_eligible,5472,100,54.72,5495
CD010173,22139442,0,non_eligible,5472,100,54.72,5495
CD010173,17559634,0,non_eligible,5472,100,54.72,5495
CD010173,15154921,0,non_eligible,5472,100,54.72,5495
CD010173,5233440,0,non_eligible,5472,100,54.72,5495
CD010173,16906514,0,non_eligible,5472,100,54.72,5495
CD010173,12873174,0,non_eligible,5472,100,54.72,5495
CD010173,9522736,0,non_eligible,5472,100,54.72,5495
CD010173,11321801,0,non_eligible,5472,100,54.72,5495
CD010173,12752192,0,non_eligible,5472,100,54.72,5495
CD010173,3463696,0,non_eligible,5472,100,54.72,5495
CD010173,17555695,0,non_eligible,5472,100,54.72,5495
CD010173,5235655,0,non_eligible,5472,100,54.72,5495
CD010173,7343272,0,non_eligible,5472,100,54.72,5495
CD010173,16686054,0,non_eligible,5472,100,54.72,5495
CD010173,18949975,0,non_eligible,5472,100,54.72,5495
CD010173,16273220,0,non_eligible,5472,100,54.72,5495
CD010173,20656649,0,non_eligible,5472,100,54.72,5495
CD010173,10451486,0,non_eligible,5472,100,54.72,5495
CD010173,8667470,0,non_eligible,5472,100,54.72,5495
CD010173,10629151,0,non_eligible,5472,100,54.72,5495
CD010173,12415197,0,non_eligible,5472,100,54.72,5495
CD010173,17692559,0,non_eligible,5472,100,54.72,5495
CD010173,5213940,0,non_eligible,5472,100,54.72,5495
CD010173,64008,0,non_eligible,5472,100,54.72,5495
CD010173,12622278,0,non_eligible,5472,100,54.72,5495
CD010173,12076331,0,non_eligible,5472,100,54.72,5495
CD010173,12365373,0,non_eligible,5472,100,54.72,5495
CD010173,22774694,0,non_eligible,5472,100,54.72,5495
CD010276,17910350,1,eligible,54,54,1.0,5495
CD010276,16321565,1,eligible,54,54,1.0,5495
CD010276,19165806,1,eligible,54,54,1.0,5495
CD010276,16839771,1,eligible,54,54,1.0,5495
CD010276,10355944,1,eligible,54,54,1.0,5495
CD010276,15250831,1,eligible,54,54,1.0,5495
CD010276,11564897,1,eligible,54,54,1.0,5495
CD010276,15623624,1,eligible,54,54,1.0,5495
CD010276,17966930,1,eligible,54,54,1.0,5495
CD010276,21396880,1,eligible,54,54,1.0,5495
CD010276,16406802,1,eligible,54,54,1.0,5495
CD010276,17169603,1,eligible,54,54,1.0,5495
CD010276,16519770,1,eligible,54,54,1.0,5495
CD010276,18214406,1,eligible,54,54,1.0,5495
CD010276,22126560,1,eligible,54,54,1.0,5495
CD010276,20657091,1,eligible,54,54,1.0,5495
CD010276,10570588,1,eligible,54,54,1.0,5495
CD010276,19771764,1,eligible,54,54,1.0,5495
CD010276,19725737,1,eligible,54,54,1.0,5495
CD010276,19160103,1,eligible,54,54,1.0,5495
CD010276,9148038,1,eligible,54,54,1.0,5495
CD010276,20412626,1,eligible,54,54,1.0,5495
CD010276,2634420,1,eligible,54,54,1.0,5495
CD010276,1628933,1,eligible,54,54,1.0,5495
CD010276,19170229,1,eligible,54,54,1.0,5495
CD010276,20161875,1,eligible,54,54,1.0,5495
CD010276,4903071,1,eligible,54,54,1.0,5495
CD010276,9525247,1,eligible,54,54,1.0,5495
CD010276,22340643,1,eligible,54,54,1.0,5495
CD010276,20593209,1,eligible,54,54,1.0,5495
CD010276,18031448,1,eligible,54,54,1.0,5495
CD010276,18031447,1,eligible,54,54,1.0,5495
CD010276,22524200,1,eligible,54,54,1.0,5495
CD010276,10646720,1,eligible,54,54,1.0,5495
CD010276,20714910,1,eligible,54,54,1.0,5495
CD010276,12572180,1,eligible,54,54,1.0,5495
CD010276,18644521,1,eligible,54,54,1.0,5495
CD010276,15288839,1,eligible,54,54,1.0,5495
CD010276,15288838,1,eligible,54,54,1.0,5495
CD010276,11774271,1,eligible,54,54,1.0,5495
CD010276,19800285,1,eligible,54,54,1.0,5495
CD010276,15293118,1,eligible,54,54,1.0,5495
CD010276,14140968,1,eligible,54,54,1.0,5495
CD010276,17111122,1,eligible,54,54,1.0,5495
CD010276,20123872,1,eligible,54,54,1.0,5495
CD010276,9861532,1,eligible,54,54,1.0,5495
CD010276,23085924,1,eligible,54,54,1.0,5495
CD010276,17081665,1,eligible,54,54,1.0,5495
CD010276,22217551,1,eligible,54,54,1.0,5495
CD010276,21112183,1,eligible,54,54,1.0,5495
CD010276,22259809,1,eligible,54,54,1.0,5495
CD010276,17996486,1,eligible,54,54,1.0,5495
CD010276,21410796,1,eligible,54,54,1.0,5495
CD010276,12775918,1,eligible,54,54,1.0,5495
CD010276,2370442,0,non_eligible,5441,100,54.41,5495
CD010276,2985889,0,non_eligible,5441,100,54.41,5495
CD010276,18278131,0,non_eligible,5441,100,54.41,5495
CD010276,15987522,0,non_eligible,5441,100,54.41,5495
CD010276,6380183,0,non_eligible,5441,100,54.41,5495
CD010276,12073681,0,non_eligible,5441,100,54.41,5495
CD010276,5274302,0,non_eligible,5441,100,54.41,5495
CD010276,16470821,0,non_eligible,5441,100,54.41,5495
CD010276,11113819,0,non_eligible,5441,100,54.41,5495
CD010276,21371075,0,non_eligible,5441,100,54.41,5495
CD010276,12420565,0,non_eligible,5441,100,54.41,5495
CD010276,9395012,0,non_eligible,5441,100,54.41,5495
CD010276,18460251,0,non_eligible,5441,100,54.41,5495
CD010276,286695,0,non_eligible,5441,100,54.41,5495
CD010276,2658358,0,non_eligible,5441,100,54.41,5495
CD010276,8053406,0,non_eligible,5441,100,54.41,5495
CD010276,1651806,0,non_eligible,5441,100,54.41,5495
CD010276,731178,0,non_eligible,5441,100,54.41,5495
CD010276,21630205,0,non_eligible,5441,100,54.41,5495
CD010276,15175120,0,non_eligible,5441,100,54.41,5495
CD010276,18224360,0,non_eligible,5441,100,54.41,5495
CD010276,6172189,0,non_eligible,5441,100,54.41,5495
CD010276,10634121,0,non_eligible,5441,100,54.41,5495
CD010276,15770569,0,non_eligible,5441,100,54.41,5495
CD010276,20303299,0,non_eligible,5441,100,54.41,5495
CD010276,2710070,0,non_eligible,5441,100,54.41,5495
CD010276,19401530,0,non_eligible,5441,100,54.41,5495
CD010276,8744917,0,non_eligible,5441,100,54.41,5495
CD010276,12375025,0,non_eligible,5441,100,54.41,5495
CD010276,389381,0,non_eligible,5441,100,54.41,5495
CD010276,9558548,0,non_eligible,5441,100,54.41,5495
CD010276,15375751,0,non_eligible,5441,100,54.41,5495
CD010276,16225625,0,non_eligible,5441,100,54.41,5495
CD010276,1137424,0,non_eligible,5441,100,54.41,5495
CD010276,11687600,0,non_eligible,5441,100,54.41,5495
CD010276,6378984,0,non_eligible,5441,100,54.41,5495
CD010276,3218943,0,non_eligible,5441,100,54.41,5495
CD010276,23550518,0,non_eligible,5441,100,54.41,5495
CD010276,6927886,0,non_eligible,5441,100,54.41,5495
CD010276,12614430,0,non_eligible,5441,100,54.41,5495
CD010276,22492732,0,non_eligible,5441,100,54.41,5495
CD010276,4270434,0,non_eligible,5441,100,54.41,5495
CD010276,15587097,0,non_eligible,5441,100,54.41,5495
CD010276,12558954,0,non_eligible,5441,100,54.41,5495
CD010276,16792726,0,non_eligible,5441,100,54.41,5495
CD010276,21566582,0,non_eligible,5441,100,54.41,5495
CD010276,15688375,0,non_eligible,5441,100,54.41,5495
CD010276,22204914,0,non_eligible,5441,100,54.41,5495
CD010276,289051,0,non_eligible,5441,100,54.41,5495
CD010276,18247379,0,non_eligible,5441,100,54.41,5495
CD010276,19187105,0,non_eligible,5441,100,54.41,5495
CD010276,19320840,0,non_eligible,5441,100,54.41,5495
CD010276,273634,0,non_eligible,5441,100,54.41,5495
CD010276,19684956,0,non_eligible,5441,100,54.41,5495
CD010276,6942211,0,non_eligible,5441,100,54.41,5495
CD010276,22862977,0,non_eligible,5441,100,54.41,5495
CD010276,9374081,0,non_eligible,5441,100,54.41,5495
CD010276,20433429,0,non_eligible,5441,100,54.41,5495
CD010276,15482325,0,non_eligible,5441,100,54.41,5495
CD010276,9385577,0,non_eligible,5441,100,54.41,5495
CD010276,703572,0,non_eligible,5441,100,54.41,5495
CD010276,21689966,0,non_eligible,5441,100,54.41,5495
CD010276,11583019,0,non_eligible,5441,100,54.41,5495
CD010276,11590070,0,non_eligible,5441,100,54.41,5495
CD010276,1068977,0,non_eligible,5441,100,54.41,5495
CD010276,23053383,0,non_eligible,5441,100,54.41,5495
CD010276,8988677,0,non_eligible,5441,100,54.41,5495
CD010276,15614740,0,non_eligible,5441,100,54.41,5495
CD010276,14970779,0,non_eligible,5441,100,54.41,5495
CD010276,22840317,0,non_eligible,5441,100,54.41,5495
CD010276,1274808,0,non_eligible,5441,100,54.41,5495
CD010276,11437401,0,non_eligible,5441,100,54.41,5495
CD010276,20644923,0,non_eligible,5441,100,54.41,5495
CD010276,10442946,0,non_eligible,5441,100,54.41,5495
CD010276,21377142,0,non_eligible,5441,100,54.41,5495
CD010276,2676924,0,non_eligible,5441,100,54.41,5495
CD010276,22530364,0,non_eligible,5441,100,54.41,5495
CD010276,6571934,0,non_eligible,5441,100,54.41,5495
CD010276,12076702,0,non_eligible,5441,100,54.41,5495
CD010276,9176610,0,non_eligible,5441,100,54.41,5495
CD010276,6589580,0,non_eligible,5441,100,54.41,5495
CD010276,6589113,0,non_eligible,5441,100,54.41,5495
CD010276,17688024,0,non_eligible,5441,100,54.41,5495
CD010276,17681875,0,non_eligible,5441,100,54.41,5495
CD010276,20039770,0,non_eligible,5441,100,54.41,5495
CD010276,19619428,0,non_eligible,5441,100,54.41,5495
CD010276,19293805,0,non_eligible,5441,100,54.41,5495
CD010276,19486369,0,non_eligible,5441,100,54.41,5495
CD010276,12133927,0,non_eligible,5441,100,54.41,5495
CD010276,3162581,0,non_eligible,5441,100,54.41,5495
CD010276,11104093,0,non_eligible,5441,100,54.41,5495
CD010276,20146343,0,non_eligible,5441,100,54.41,5495
CD010276,12558869,0,non_eligible,5441,100,54.41,5495
CD010276,6619259,0,non_eligible,5441,100,54.41,5495
CD010276,15167215,0,non_eligible,5441,100,54.41,5495
CD010276,9494413,0,non_eligible,5441,100,54.41,5495
CD010276,17605416,0,non_eligible,5441,100,54.41,5495
CD010276,23397793,0,non_eligible,5441,100,54.41,5495
CD010276,4509671,0,non_eligible,5441,100,54.41,5495
CD010276,7591204,0,non_eligible,5441,100,54.41,5495
CD010339,9347861,1,eligible,114,114,1.0,12807
CD010339,5777223,1,eligible,114,114,1.0,12807
CD010339,7278595,1,eligible,114,114,1.0,12807
CD010339,453455,1,eligible,114,114,1.0,12807
CD010339,8362829,1,eligible,114,114,1.0,12807
CD010339,12811312,1,eligible,114,114,1.0,12807
CD010339,15578292,1,eligible,114,114,1.0,12807
CD010339,8538344,1,eligible,114,114,1.0,12807
CD010339,19721408,1,eligible,114,114,1.0,12807
CD010339,5014524,1,eligible,114,114,1.0,12807
CD010339,5142264,1,eligible,114,114,1.0,12807
CD010339,19864821,1,eligible,114,114,1.0,12807
CD010339,16228924,1,eligible,114,114,1.0,12807
CD010339,11178754,1,eligible,114,114,1.0,12807
CD010339,9309887,1,eligible,114,114,1.0,12807
CD010339,3695194,1,eligible,114,114,1.0,12807
CD010339,7763171,1,eligible,114,114,1.0,12807
CD010339,1631582,1,eligible,114,114,1.0,12807
CD010339,9840076,1,eligible,114,114,1.0,12807
CD010339,18299731,1,eligible,114,114,1.0,12807
CD010339,8095041,1,eligible,114,114,1.0,12807
CD010339,13809971,1,eligible,114,114,1.0,12807
CD010339,12779073,1,eligible,114,114,1.0,12807
CD010339,9663245,1,eligible,114,114,1.0,12807
CD010339,12496546,1,eligible,114,114,1.0,12807
CD010339,4433176,1,eligible,114,114,1.0,12807
CD010339,10866083,1,eligible,114,114,1.0,12807
CD010339,9270915,1,eligible,114,114,1.0,12807
CD010339,1531915,1,eligible,114,114,1.0,12807
CD010339,2876528,1,eligible,114,114,1.0,12807
CD010339,8339882,1,eligible,114,114,1.0,12807
CD010339,8751223,1,eligible,114,114,1.0,12807
CD010339,14969855,1,eligible,114,114,1.0,12807
CD010339,79028,1,eligible,114,114,1.0,12807
CD010339,1413103,1,eligible,114,114,1.0,12807
CD010339,16738972,1,eligible,114,114,1.0,12807
CD010339,1835665,1,eligible,114,114,1.0,12807
CD010339,9169700,1,eligible,114,114,1.0,12807
CD010339,10867455,1,eligible,114,114,1.0,12807
CD010339,8779067,1,eligible,114,114,1.0,12807
CD010339,17894658,1,eligible,114,114,1.0,12807
CD010339,9655277,1,eligible,114,114,1.0,12807
CD010339,10408661,1,eligible,114,114,1.0,12807
CD010339,10195719,1,eligible,114,114,1.0,12807
CD010339,7676368,1,eligible,114,114,1.0,12807
CD010339,2373628,1,eligible,114,114,1.0,12807
CD010339,3514357,1,eligible,114,114,1.0,12807
CD010339,10917115,1,eligible,114,114,1.0,12807
CD010339,10227940,1,eligible,114,114,1.0,12807
CD010339,2729779,1,eligible,114,114,1.0,12807
CD010339,10456702,1,eligible,114,114,1.0,12807
CD010339,9361590,1,eligible,114,114,1.0,12807
CD010339,8095802,1,eligible,114,114,1.0,12807
CD010339,6532038,1,eligible,114,114,1.0,12807
CD010339,16361050,1,eligible,114,114,1.0,12807
CD010339,12127124,1,eligible,114,114,1.0,12807
CD010339,21739880,1,eligible,114,114,1.0,12807
CD010339,22824042,1,eligible,114,114,1.0,12807
CD010339,9410677,1,eligible,114,114,1.0,12807
CD010339,22929714,1,eligible,114,114,1.0,12807
CD010339,8056239,1,eligible,114,114,1.0,12807
CD010339,8696730,1,eligible,114,114,1.0,12807
CD010339,8010903,1,eligible,114,114,1.0,12807
CD010339,3954487,1,eligible,114,114,1.0,12807
CD010339,759175,1,eligible,114,114,1.0,12807
CD010339,7080518,1,eligible,114,114,1.0,12807
CD010339,2421422,1,eligible,114,114,1.0,12807
CD010339,9926804,1,eligible,114,114,1.0,12807
CD010339,10430683,1,eligible,114,114,1.0,12807
CD010339,2779814,1,eligible,114,114,1.0,12807
CD010339,3226080,1,eligible,114,114,1.0,12807
CD010339,10592874,1,eligible,114,114,1.0,12807
CD010339,20083751,1,eligible,114,114,1.0,12807
CD010339,7058509,1,eligible,114,114,1.0,12807
CD010339,10711471,1,eligible,114,114,1.0,12807
CD010339,7239132,1,eligible,114,114,1.0,12807
CD010339,18398646,1,eligible,114,114,1.0,12807
CD010339,2694145,1,eligible,114,114,1.0,12807
CD010339,7749703,1,eligible,114,114,1.0,12807
CD010339,11293752,1,eligible,114,114,1.0,12807
CD010339,21669576,1,eligible,114,114,1.0,12807
CD010339,7809801,1,eligible,114,114,1.0,12807
CD010339,2241593,1,eligible,114,114,1.0,12807
CD010339,12296889,1,eligible,114,114,1.0,12807
CD010339,21429024,1,eligible,114,114,1.0,12807
CD010339,16444379,1,eligible,114,114,1.0,12807
CD010339,8373278,1,eligible,114,114,1.0,12807
CD010339,15842578,1,eligible,114,114,1.0,12807
CD010339,1610321,1,eligible,114,114,1.0,12807
CD010339,10567803,1,eligible,114,114,1.0,12807
CD010339,19019364,1,eligible,114,114,1.0,12807
CD010339,9291406,1,eligible,114,114,1.0,12807
CD010339,14571705,1,eligible,114,114,1.0,12807
CD010339,6812296,1,eligible,114,114,1.0,12807
CD010339,9360868,1,eligible,114,114,1.0,12807
CD010339,16927915,1,eligible,114,114,1.0,12807
CD010339,2698160,1,eligible,114,114,1.0,12807
CD010339,7134598,1,eligible,114,114,1.0,12807
CD010339,10962383,1,eligible,114,114,1.0,12807
CD010339,16163026,1,eligible,114,114,1.0,12807
CD010339,3316691,1,eligible,114,114,1.0,12807
CD010339,7809799,1,eligible,114,114,1.0,12807
CD010339,16263021,1,eligible,114,114,1.0,12807
CD010339,5924361,1,eligible,114,114,1.0,12807
CD010339,1203653,1,eligible,114,114,1.0,12807
CD010339,12071449,1,eligible,114,114,1.0,12807
CD010339,2756276,1,eligible,114,114,1.0,12807
CD010339,11727103,1,eligible,114,114,1.0,12807
CD010339,8975953,1,eligible,114,114,1.0,12807
CD010339,10833912,1,eligible,114,114,1.0,12807
CD010339,9094280,1,eligible,114,114,1.0,12807
CD010339,9854199,1,eligible,114,114,1.0,12807
CD010339,19094622,1,eligible,114,114,1.0,12807
CD010339,3314182,1,eligible,114,114,1.0,12807
CD010339,11301945,0,non_eligible,12693,100,126.93,12807
CD010339,10401074,0,non_eligible,12693,100,126.93,12807
CD010339,5973572,0,non_eligible,12693,100,126.93,12807
CD010339,19598305,0,non_eligible,12693,100,126.93,12807
CD010339,12811658,0,non_eligible,12693,100,126.93,12807
CD010339,21375818,0,non_eligible,12693,100,126.93,12807
CD010339,9462374,0,non_eligible,12693,100,126.93,12807
CD010339,7399960,0,non_eligible,12693,100,126.93,12807
CD010339,20932377,0,non_eligible,12693,100,126.93,12807
CD010339,11386602,0,non_eligible,12693,100,126.93,12807
CD010339,11276383,0,non_eligible,12693,100,126.93,12807
CD010339,20518695,0,non_eligible,12693,100,126.93,12807
CD010339,11319439,0,non_eligible,12693,100,126.93,12807
CD010339,16480,0,non_eligible,12693,100,126.93,12807
CD010339,15492607,0,non_eligible,12693,100,126.93,12807
CD010339,8258073,0,non_eligible,12693,100,126.93,12807
CD010339,20465425,0,non_eligible,12693,100,126.93,12807
CD010339,15527431,0,non_eligible,12693,100,126.93,12807
CD010339,22108768,0,non_eligible,12693,100,126.93,12807
CD010339,16010248,0,non_eligible,12693,100,126.93,12807
CD010339,15628707,0,non_eligible,12693,100,126.93,12807
CD010339,10050516,0,non_eligible,12693,100,126.93,12807
CD010339,1731843,0,non_eligible,12693,100,126.93,12807
CD010339,19679953,0,non_eligible,12693,100,126.93,12807
CD010339,2655107,0,non_eligible,12693,100,126.93,12807
CD010339,21483642,0,non_eligible,12693,100,126.93,12807
CD010339,3895856,0,non_eligible,12693,100,126.93,12807
CD010339,14499796,0,non_eligible,12693,100,126.93,12807
CD010339,1090019,0,non_eligible,12693,100,126.93,12807
CD010339,8495894,0,non_eligible,12693,100,126.93,12807
CD010339,5580331,0,non_eligible,12693,100,126.93,12807
CD010339,472607,0,non_eligible,12693,100,126.93,12807
CD010339,408634,0,non_eligible,12693,100,126.93,12807
CD010339,17226043,0,non_eligible,12693,100,126.93,12807
CD010339,8161906,0,non_eligible,12693,100,126.93,12807
CD010339,8291983,0,non_eligible,12693,100,126.93,12807
CD010339,9932786,0,non_eligible,12693,100,126.93,12807
CD010339,12075184,0,non_eligible,12693,100,126.93,12807
CD010339,10451894,0,non_eligible,12693,100,126.93,12807
CD010339,3047211,0,non_eligible,12693,100,126.93,12807
CD010339,20487525,0,non_eligible,12693,100,126.93,12807
CD010339,2663456,0,non_eligible,12693,100,126.93,12807
CD010339,22553458,0,non_eligible,12693,100,126.93,12807
CD010339,3944302,0,non_eligible,12693,100,126.93,12807
CD010339,21053483,0,non_eligible,12693,100,126.93,12807
CD010339,10720123,0,non_eligible,12693,100,126.93,12807
CD010339,7654504,0,non_eligible,12693,100,126.93,12807
CD010339,4684839,0,non_eligible,12693,100,126.93,12807
CD010339,6435722,0,non_eligible,12693,100,126.93,12807
CD010339,1403510,0,non_eligible,12693,100,126.93,12807
CD010339,482790,0,non_eligible,12693,100,126.93,12807
CD010339,20529450,0,non_eligible,12693,100,126.93,12807
CD010339,1483557,0,non_eligible,12693,100,126.93,12807
CD010339,21377820,0,non_eligible,12693,100,126.93,12807
CD010339,14243365,0,non_eligible,12693,100,126.93,12807
CD010339,7077847,0,non_eligible,12693,100,126.93,12807
CD010339,877809,0,non_eligible,12693,100,126.93,12807
CD010339,19656757,0,non_eligible,12693,100,126.93,12807
CD010339,9382048,0,non_eligible,12693,100,126.93,12807
CD010339,8705520,0,non_eligible,12693,100,126.93,12807
CD010339,22856451,0,non_eligible,12693,100,126.93,12807
CD010339,9361181,0,non_eligible,12693,100,126.93,12807
CD010339,18286679,0,non_eligible,12693,100,126.93,12807
CD010339,17162742,0,non_eligible,12693,100,126.93,12807
CD010339,6175028,0,non_eligible,12693,100,126.93,12807
CD010339,3767656,0,non_eligible,12693,100,126.93,12807
CD010339,16306770,0,non_eligible,12693,100,126.93,12807
CD010339,12874996,0,non_eligible,12693,100,126.93,12807
CD010339,5404848,0,non_eligible,12693,100,126.93,12807
CD010339,19915905,0,non_eligible,12693,100,126.93,12807
CD010339,6773994,0,non_eligible,12693,100,126.93,12807
CD010339,7582210,0,non_eligible,12693,100,126.93,12807
CD010339,15558441,0,non_eligible,12693,100,126.93,12807
CD010339,6881448,0,non_eligible,12693,100,126.93,12807
CD010339,1914404,0,non_eligible,12693,100,126.93,12807
CD010339,10650261,0,non_eligible,12693,100,126.93,12807
CD010339,4782393,0,non_eligible,12693,100,126.93,12807
CD010339,10402310,0,non_eligible,12693,100,126.93,12807
CD010339,18199206,0,non_eligible,12693,100,126.93,12807
CD010339,8128019,0,non_eligible,12693,100,126.93,12807
CD010339,3280384,0,non_eligible,12693,100,126.93,12807
CD010339,14708461,0,non_eligible,12693,100,126.93,12807
CD010339,22519375,0,non_eligible,12693,100,126.93,12807
CD010339,2194415,0,non_eligible,12693,100,126.93,12807
CD010339,15868081,0,non_eligible,12693,100,126.93,12807
CD010339,17127185,0,non_eligible,12693,100,126.93,12807
CD010339,18926190,0,non_eligible,12693,100,126.93,12807
CD010339,17478951,0,non_eligible,12693,100,126.93,12807
CD010339,18158051,0,non_eligible,12693,100,126.93,12807
CD010339,17320775,0,non_eligible,12693,100,126.93,12807
CD010339,11517110,0,non_eligible,12693,100,126.93,12807
CD010339,2185669,0,non_eligible,12693,100,126.93,12807
CD010339,5558746,0,non_eligible,12693,100,126.93,12807
CD010339,1448940,0,non_eligible,12693,100,126.93,12807
CD010339,3312715,0,non_eligible,12693,100,126.93,12807
CD010339,18604051,0,non_eligible,12693,100,126.93,12807
CD010339,9040999,0,non_eligible,12693,100,126.93,12807
CD010339,16180029,0,non_eligible,12693,100,126.93,12807
CD010339,5586846,0,non_eligible,12693,100,126.93,12807
CD010339,7675702,0,non_eligible,12693,100,126.93,12807
CD010386,22961445,1,eligible,2,2,1.0,626
CD010386,20176414,1,eligible,2,2,1.0,626
CD010386,23097914,0,non_eligible,624,100,6.24,626
CD010386,21696776,0,non_eligible,624,100,6.24,626
CD010386,23115180,0,non_eligible,624,100,6.24,626
CD010386,22377499,0,non_eligible,624,100,6.24,626
CD010386,23284831,0,non_eligible,624,100,6.24,626
CD010386,23065791,0,non_eligible,624,100,6.24,626
CD010386,22921250,0,non_eligible,624,100,6.24,626
CD010386,20886575,0,non_eligible,624,100,6.24,626
CD010386,21891868,0,non_eligible,624,100,6.24,626
CD010386,22285638,0,non_eligible,624,100,6.24,626
CD010386,22044023,0,non_eligible,624,100,6.24,626
CD010386,22193845,0,non_eligible,624,100,6.24,626
CD010386,20880270,0,non_eligible,624,100,6.24,626
CD010386,22749065,0,non_eligible,624,100,6.24,626
CD010386,22257044,0,non_eligible,624,100,6.24,626
CD010386,23242068,0,non_eligible,624,100,6.24,626
CD010386,22796873,0,non_eligible,624,100,6.24,626
CD010386,22728617,0,non_eligible,624,100,6.24,626
CD010386,22812018,0,non_eligible,624,100,6.24,626
CD010386,22990206,0,non_eligible,624,100,6.24,626
CD010386,22712065,0,non_eligible,624,100,6.24,626
CD010386,23272070,0,non_eligible,624,100,6.24,626
CD010386,22107995,0,non_eligible,624,100,6.24,626
CD010386,21848585,0,non_eligible,624,100,6.24,626
CD010386,22577238,0,non_eligible,624,100,6.24,626
CD010386,23011220,0,non_eligible,624,100,6.24,626
CD010386,22173784,0,non_eligible,624,100,6.24,626
CD010386,22528111,0,non_eligible,624,100,6.24,626
CD010386,21257982,0,non_eligible,624,100,6.24,626
CD010386,20688420,0,non_eligible,624,100,6.24,626
CD010386,22331215,0,non_eligible,624,100,6.24,626
CD010386,22895582,0,non_eligible,624,100,6.24,626
CD010386,22841687,0,non_eligible,624,100,6.24,626
CD010386,22244855,0,non_eligible,624,100,6.24,626
CD010386,22503457,0,non_eligible,624,100,6.24,626
CD010386,22917137,0,non_eligible,624,100,6.24,626
CD010386,22033022,0,non_eligible,624,100,6.24,626
CD010386,20052508,0,non_eligible,624,100,6.24,626
CD010386,22700814,0,non_eligible,624,100,6.24,626
CD010386,21747005,0,non_eligible,624,100,6.24,626
CD010386,22651941,0,non_eligible,624,100,6.24,626
CD010386,21478204,0,non_eligible,624,100,6.24,626
CD010386,23299381,0,non_eligible,624,100,6.24,626
CD010386,22996234,0,non_eligible,624,100,6.24,626
CD010386,23043907,0,non_eligible,624,100,6.24,626
CD010386,21051106,0,non_eligible,624,100,6.24,626
CD010386,22410450,0,non_eligible,624,100,6.24,626
CD010386,21971456,0,non_eligible,624,100,6.24,626
CD010386,22710357,0,non_eligible,624,100,6.24,626
CD010386,22221288,0,non_eligible,624,100,6.24,626
CD010386,21269332,0,non_eligible,624,100,6.24,626
CD010386,23041336,0,non_eligible,624,100,6.24,626
CD010386,21914395,0,non_eligible,624,100,6.24,626
CD010386,22653791,0,non_eligible,624,100,6.24,626
CD010386,22189452,0,non_eligible,624,100,6.24,626
CD010386,22050514,0,non_eligible,624,100,6.24,626
CD010386,22248049,0,non_eligible,624,100,6.24,626
CD010386,22522445,0,non_eligible,624,100,6.24,626
CD010386,22162065,0,non_eligible,624,100,6.24,626
CD010386,23142262,0,non_eligible,624,100,6.24,626
CD010386,22868714,0,non_eligible,624,100,6.24,626
CD010386,21666432,0,non_eligible,624,100,6.24,626
CD010386,22297644,0,non_eligible,624,100,6.24,626
CD010386,21971458,0,non_eligible,624,100,6.24,626
CD010386,21365327,0,non_eligible,624,100,6.24,626
CD010386,22460159,0,non_eligible,624,100,6.24,626
CD010386,22310247,0,non_eligible,624,100,6.24,626
CD010386,22329653,0,non_eligible,624,100,6.24,626
CD010386,22354138,0,non_eligible,624,100,6.24,626
CD010386,22460160,0,non_eligible,624,100,6.24,626
CD010386,22192811,0,non_eligible,624,100,6.24,626
CD010386,22255952,0,non_eligible,624,100,6.24,626
CD010386,22056484,0,non_eligible,624,100,6.24,626
CD010386,21777941,0,non_eligible,624,100,6.24,626
CD010386,22871906,0,non_eligible,624,100,6.24,626
CD010386,21995345,0,non_eligible,624,100,6.24,626
CD010386,22635103,0,non_eligible,624,100,6.24,626
CD010386,22342372,0,non_eligible,624,100,6.24,626
CD010386,23050785,0,non_eligible,624,100,6.24,626
CD010386,23285580,0,non_eligible,624,100,6.24,626
CD010386,22551786,0,non_eligible,624,100,6.24,626
CD010386,22503001,0,non_eligible,624,100,6.24,626
CD010386,22434215,0,non_eligible,624,100,6.24,626
CD010386,21983242,0,non_eligible,624,100,6.24,626
CD010386,22044532,0,non_eligible,624,100,6.24,626
CD010386,21827663,0,non_eligible,624,100,6.24,626
CD010386,22038908,0,non_eligible,624,100,6.24,626
CD010386,22289965,0,non_eligible,624,100,6.24,626
CD010386,22284730,0,non_eligible,624,100,6.24,626
CD010386,22112047,0,non_eligible,624,100,6.24,626
CD010386,22421174,0,non_eligible,624,100,6.24,626
CD010386,21954186,0,non_eligible,624,100,6.24,626
CD010386,21901424,0,non_eligible,624,100,6.24,626
CD010386,22410648,0,non_eligible,624,100,6.24,626
CD010386,22889795,0,non_eligible,624,100,6.24,626
CD010386,22348880,0,non_eligible,624,100,6.24,626
CD010386,21876253,0,non_eligible,624,100,6.24,626
CD010386,22250011,0,non_eligible,624,100,6.24,626
CD010386,22872307,0,non_eligible,624,100,6.24,626
CD010386,22868352,0,non_eligible,624,100,6.24,626
CD010542,22408151,1,eligible,20,20,1.0,348
CD010542,18397389,1,eligible,20,20,1.0,348
CD010542,22173167,1,eligible,20,20,1.0,348
CD010542,18705692,1,eligible,20,20,1.0,348
CD010542,22521355,1,eligible,20,20,1.0,348
CD010542,19725892,1,eligible,20,20,1.0,348
CD010542,18930329,1,eligible,20,20,1.0,348
CD010542,16886917,1,eligible,20,20,1.0,348
CD010542,20180444,1,eligible,20,20,1.0,348
CD010542,21068129,1,eligible,20,20,1.0,348
CD010542,19887952,1,eligible,20,20,1.0,348
CD010542,18691352,1,eligible,20,20,1.0,348
CD010542,22416182,1,eligible,20,20,1.0,348
CD010542,20104185,1,eligible,20,20,1.0,348
CD010542,19610141,1,eligible,20,20,1.0,348
CD010542,21168459,1,eligible,20,20,1.0,348
CD010542,21779759,1,eligible,20,20,1.0,348
CD010542,17255218,1,eligible,20,20,1.0,348
CD010542,22239518,1,eligible,20,20,1.0,348
CD010542,19346784,1,eligible,20,20,1.0,348
CD010542,15690481,0,non_eligible,328,100,3.28,348
CD010542,22138553,0,non_eligible,328,100,3.28,348
CD010542,21517924,0,non_eligible,328,100,3.28,348
CD010542,22733889,0,non_eligible,328,100,3.28,348
CD010542,19457153,0,non_eligible,328,100,3.28,348
CD010542,20544947,0,non_eligible,328,100,3.28,348
CD010542,22574212,0,non_eligible,328,100,3.28,348
CD010542,19780940,0,non_eligible,328,100,3.28,348
CD010542,22837289,0,non_eligible,328,100,3.28,348
CD010542,20167986,0,non_eligible,328,100,3.28,348
CD010542,19920809,0,non_eligible,328,100,3.28,348
CD010542,20660455,0,non_eligible,328,100,3.28,348
CD010542,19104699,0,non_eligible,328,100,3.28,348
CD010542,16538113,0,non_eligible,328,100,3.28,348
CD010542,19017551,0,non_eligible,328,100,3.28,348
CD010542,19022517,0,non_eligible,328,100,3.28,348
CD010542,21497746,0,non_eligible,328,100,3.28,348
CD010542,21399926,0,non_eligible,328,100,3.28,348
CD010542,21586228,0,non_eligible,328,100,3.28,348
CD010542,22318821,0,non_eligible,328,100,3.28,348
CD010542,18456573,0,non_eligible,328,100,3.28,348
CD010542,20731129,0,non_eligible,328,100,3.28,348
CD010542,18081731,0,non_eligible,328,100,3.28,348
CD010542,20697747,0,non_eligible,328,100,3.28,348
CD010542,20385422,0,non_eligible,328,100,3.28,348
CD010542,21198828,0,non_eligible,328,100,3.28,348
CD010542,19578234,0,non_eligible,328,100,3.28,348
CD010542,19308312,0,non_eligible,328,100,3.28,348
CD010542,19322509,0,non_eligible,328,100,3.28,348
CD010542,22672642,0,non_eligible,328,100,3.28,348
CD010542,19291784,0,non_eligible,328,100,3.28,348
CD010542,21165451,0,non_eligible,328,100,3.28,348
CD010542,17763808,0,non_eligible,328,100,3.28,348
CD010542,21822591,0,non_eligible,328,100,3.28,348
CD010542,21376047,0,non_eligible,328,100,3.28,348
CD010542,21435119,0,non_eligible,328,100,3.28,348
CD010542,22617153,0,non_eligible,328,100,3.28,348
CD010542,18673426,0,non_eligible,328,100,3.28,348
CD010542,18166342,0,non_eligible,328,100,3.28,348
CD010542,18995217,0,non_eligible,328,100,3.28,348
CD010542,22872942,0,non_eligible,328,100,3.28,348
CD010542,21273523,0,non_eligible,328,100,3.28,348
CD010542,21033238,0,non_eligible,328,100,3.28,348
CD010542,22027584,0,non_eligible,328,100,3.28,348
CD010542,19703889,0,non_eligible,328,100,3.28,348
CD010542,21179914,0,non_eligible,328,100,3.28,348
CD010542,17438875,0,non_eligible,328,100,3.28,348
CD010542,16823833,0,non_eligible,328,100,3.28,348
CD010542,22536445,0,non_eligible,328,100,3.28,348
CD010542,22432836,0,non_eligible,328,100,3.28,348
CD010542,22537436,0,non_eligible,328,100,3.28,348
CD010542,20658587,0,non_eligible,328,100,3.28,348
CD010542,19124915,0,non_eligible,328,100,3.28,348
CD010542,20529989,0,non_eligible,328,100,3.28,348
CD010542,22176964,0,non_eligible,328,100,3.28,348
CD010542,18807134,0,non_eligible,328,100,3.28,348
CD010542,19138576,0,non_eligible,328,100,3.28,348
CD010542,17291712,0,non_eligible,328,100,3.28,348
CD010542,21344353,0,non_eligible,328,100,3.28,348
CD010542,22233410,0,non_eligible,328,100,3.28,348
CD010542,20172290,0,non_eligible,328,100,3.28,348
CD010542,22404722,0,non_eligible,328,100,3.28,348
CD010542,17415348,0,non_eligible,328,100,3.28,348
CD010542,20361076,0,non_eligible,328,100,3.28,348
CD010542,22103568,0,non_eligible,328,100,3.28,348
CD010542,18832522,0,non_eligible,328,100,3.28,348
CD010542,21952989,0,non_eligible,328,100,3.28,348
CD010542,22246952,0,non_eligible,328,100,3.28,348
CD010542,20471892,0,non_eligible,328,100,3.28,348
CD010542,19399815,0,non_eligible,328,100,3.28,348
CD010542,20171943,0,non_eligible,328,100,3.28,348
CD010542,21216123,0,non_eligible,328,100,3.28,348
CD010542,21460032,0,non_eligible,328,100,3.28,348
CD010542,22864589,0,non_eligible,328,100,3.28,348
CD010542,21452541,0,non_eligible,328,100,3.28,348
CD010542,22698510,0,non_eligible,328,100,3.28,348
CD010542,19478678,0,non_eligible,328,100,3.28,348
CD010542,18192914,0,non_eligible,328,100,3.28,348
CD010542,16121354,0,non_eligible,328,100,3.28,348
CD010542,19175875,0,non_eligible,328,100,3.28,348
CD010542,21256907,0,non_eligible,328,100,3.28,348
CD010542,18563842,0,non_eligible,328,100,3.28,348
CD010542,19337635,0,non_eligible,328,100,3.28,348
CD010542,22503893,0,non_eligible,328,100,3.28,348
CD010542,21517974,0,non_eligible,328,100,3.28,348
CD010542,19562623,0,non_eligible,328,100,3.28,348
CD010542,16969327,0,non_eligible,328,100,3.28,348
CD010542,17530363,0,non_eligible,328,100,3.28,348
CD010542,20704691,0,non_eligible,328,100,3.28,348
CD010542,20010062,0,non_eligible,328,100,3.28,348
CD010542,20196798,0,non_eligible,328,100,3.28,348
CD010542,18568136,0,non_eligible,328,100,3.28,348
CD010542,22957328,0,non_eligible,328,100,3.28,348
CD010542,19030204,0,non_eligible,328,100,3.28,348
CD010542,21678114,0,non_eligible,328,100,3.28,348
CD010542,20037265,0,non_eligible,328,100,3.28,348
CD010542,18524692,0,non_eligible,328,100,3.28,348
CD010542,20844365,0,non_eligible,328,100,3.28,348
CD010542,18987556,0,non_eligible,328,100,3.28,348
CD010542,19434742,0,non_eligible,328,100,3.28,348
CD010633,19759102,1,eligible,4,4,1.0,1573
CD010633,19877236,1,eligible,4,4,1.0,1573
CD010633,17353255,1,eligible,4,4,1.0,1573
CD010633,12122169,1,eligible,4,4,1.0,1573
CD010633,15592735,0,non_eligible,1569,100,15.69,1573
CD010633,19864909,0,non_eligible,1569,100,15.69,1573
CD010633,3490634,0,non_eligible,1569,100,15.69,1573
CD010633,17969349,0,non_eligible,1569,100,15.69,1573
CD010633,16525077,0,non_eligible,1569,100,15.69,1573
CD010633,17664410,0,non_eligible,1569,100,15.69,1573
CD010633,9541298,0,non_eligible,1569,100,15.69,1573
CD010633,17969308,0,non_eligible,1569,100,15.69,1573
CD010633,10391967,0,non_eligible,1569,100,15.69,1573
CD010633,7480442,0,non_eligible,1569,100,15.69,1573
CD010633,8337557,0,non_eligible,1569,100,15.69,1573
CD010633,11487194,0,non_eligible,1569,100,15.69,1573
CD010633,17367812,0,non_eligible,1569,100,15.69,1573
CD010633,8745625,0,non_eligible,1569,100,15.69,1573
CD010633,18427076,0,non_eligible,1569,100,15.69,1573
CD010633,19582652,0,non_eligible,1569,100,15.69,1573
CD010633,2019279,0,non_eligible,1569,100,15.69,1573
CD010633,18021379,0,non_eligible,1569,100,15.69,1573
CD010633,20077476,0,non_eligible,1569,100,15.69,1573
CD010633,22735249,0,non_eligible,1569,100,15.69,1573
CD010633,20440289,0,non_eligible,1569,100,15.69,1573
CD010633,8075905,0,non_eligible,1569,100,15.69,1573
CD010633,9217686,0,non_eligible,1569,100,15.69,1573
CD010633,12584413,0,non_eligible,1569,100,15.69,1573
CD010633,12739379,0,non_eligible,1569,100,15.69,1573
CD010633,15314128,0,non_eligible,1569,100,15.69,1573
CD010633,3499484,0,non_eligible,1569,100,15.69,1573
CD010633,16180709,0,non_eligible,1569,100,15.69,1573
CD010633,3502292,0,non_eligible,1569,100,15.69,1573
CD010633,19938680,0,non_eligible,1569,100,15.69,1573
CD010633,9658479,0,non_eligible,1569,100,15.69,1573
CD010633,7669494,0,non_eligible,1569,100,15.69,1573
CD010633,8242214,0,non_eligible,1569,100,15.69,1573
CD010633,1764860,0,non_eligible,1569,100,15.69,1573
CD010633,1536267,0,non_eligible,1569,100,15.69,1573
CD010633,8720331,0,non_eligible,1569,100,15.69,1573
CD010633,1786668,0,non_eligible,1569,100,15.69,1573
CD010633,20229798,0,non_eligible,1569,100,15.69,1573
CD010633,15975069,0,non_eligible,1569,100,15.69,1573
CD010633,17205862,0,non_eligible,1569,100,15.69,1573
CD010633,3263980,0,non_eligible,1569,100,15.69,1573
CD010633,9781516,0,non_eligible,1569,100,15.69,1573
CD010633,9447442,0,non_eligible,1569,100,15.69,1573
CD010633,2980527,0,non_eligible,1569,100,15.69,1573
CD010633,12474288,0,non_eligible,1569,100,15.69,1573
CD010633,12417364,0,non_eligible,1569,100,15.69,1573
CD010633,17697413,0,non_eligible,1569,100,15.69,1573
CD010633,3260013,0,non_eligible,1569,100,15.69,1573
CD010633,22135130,0,non_eligible,1569,100,15.69,1573
CD010633,8752463,0,non_eligible,1569,100,15.69,1573
CD010633,15900096,0,non_eligible,1569,100,15.69,1573
CD010633,1578230,0,non_eligible,1569,100,15.69,1573
CD010633,12411761,0,non_eligible,1569,100,15.69,1573
CD010633,16264357,0,non_eligible,1569,100,15.69,1573
CD010633,20146690,0,non_eligible,1569,100,15.69,1573
CD010633,7756009,0,non_eligible,1569,100,15.69,1573
CD010633,2252452,0,non_eligible,1569,100,15.69,1573
CD010633,9749569,0,non_eligible,1569,100,15.69,1573
CD010633,12092408,0,non_eligible,1569,100,15.69,1573
CD010633,19198105,0,non_eligible,1569,100,15.69,1573
CD010633,7498872,0,non_eligible,1569,100,15.69,1573
CD010633,15172055,0,non_eligible,1569,100,15.69,1573
CD010633,21278615,0,non_eligible,1569,100,15.69,1573
CD010633,16325958,0,non_eligible,1569,100,15.69,1573
CD010633,22785390,0,non_eligible,1569,100,15.69,1573
CD010633,12080523,0,non_eligible,1569,100,15.69,1573
CD010633,16252889,0,non_eligible,1569,100,15.69,1573
CD010633,12604293,0,non_eligible,1569,100,15.69,1573
CD010633,7561970,0,non_eligible,1569,100,15.69,1573
CD010633,11555340,0,non_eligible,1569,100,15.69,1573
CD010633,16405264,0,non_eligible,1569,100,15.69,1573
CD010633,12833301,0,non_eligible,1569,100,15.69,1573
CD010633,12043417,0,non_eligible,1569,100,15.69,1573
CD010633,21314662,0,non_eligible,1569,100,15.69,1573
CD010633,2213201,0,non_eligible,1569,100,15.69,1573
CD010633,2269322,0,non_eligible,1569,100,15.69,1573
CD010633,8858185,0,non_eligible,1569,100,15.69,1573
CD010633,2601097,0,non_eligible,1569,100,15.69,1573
CD010633,16092074,0,non_eligible,1569,100,15.69,1573
CD010633,3501800,0,non_eligible,1569,100,15.69,1573
CD010633,10645327,0,non_eligible,1569,100,15.69,1573
CD010633,21376652,0,non_eligible,1569,100,15.69,1573
CD010633,12480092,0,non_eligible,1569,100,15.69,1573
CD010633,17493637,0,non_eligible,1569,100,15.69,1573
CD010633,21483157,0,non_eligible,1569,100,15.69,1573
CD010633,10459793,0,non_eligible,1569,100,15.69,1573
CD010633,19398134,0,non_eligible,1569,100,15.69,1573
CD010633,9629553,0,non_eligible,1569,100,15.69,1573
CD010633,17221818,0,non_eligible,1569,100,15.69,1573
CD010633,10637936,0,non_eligible,1569,100,15.69,1573
CD010633,8334775,0,non_eligible,1569,100,15.69,1573
CD010633,19118323,0,non_eligible,1569,100,15.69,1573
CD010633,9444495,0,non_eligible,1569,100,15.69,1573
CD010633,10553590,0,non_eligible,1569,100,15.69,1573
CD010633,17432190,0,non_eligible,1569,100,15.69,1573
CD010633,15832030,0,non_eligible,1569,100,15.69,1573
CD010633,20061645,0,non_eligible,1569,100,15.69,1573
CD010633,20946703,0,non_eligible,1569,100,15.69,1573
CD010633,17030534,0,non_eligible,1569,100,15.69,1573
CD010633,3023564,0,non_eligible,1569,100,15.69,1573
CD010653,7625188,1,eligible,45,45,1.0,8002
CD010653,12109956,1,eligible,45,45,1.0,8002
CD010653,7103677,1,eligible,45,45,1.0,8002
CD010653,679137,1,eligible,45,45,1.0,8002
CD010653,11772849,1,eligible,45,45,1.0,8002
CD010653,7097260,1,eligible,45,45,1.0,8002
CD010653,16840842,1,eligible,45,45,1.0,8002
CD010653,2346840,1,eligible,45,45,1.0,8002
CD010653,8599402,1,eligible,45,45,1.0,8002
CD010653,3942470,1,eligible,45,45,1.0,8002
CD010653,17651943,1,eligible,45,45,1.0,8002
CD010653,20673546,1,eligible,45,45,1.0,8002
CD010653,6691469,1,eligible,45,45,1.0,8002
CD010653,3575608,1,eligible,45,45,1.0,8002
CD010653,446007,1,eligible,45,45,1.0,8002
CD010653,16960465,1,eligible,45,45,1.0,8002
CD010653,17278344,1,eligible,45,45,1.0,8002
CD010653,1603910,1,eligible,45,45,1.0,8002
CD010653,10945082,1,eligible,45,45,1.0,8002
CD010653,15469193,1,eligible,45,45,1.0,8002
CD010653,8043525,1,eligible,45,45,1.0,8002
CD010653,6854293,1,eligible,45,45,1.0,8002
CD010653,7247640,1,eligible,45,45,1.0,8002
CD010653,990659,1,eligible,45,45,1.0,8002
CD010653,760695,1,eligible,45,45,1.0,8002
CD010653,1827606,1,eligible,45,45,1.0,8002
CD010653,18609031,1,eligible,45,45,1.0,8002
CD010653,14638591,1,eligible,45,45,1.0,8002
CD010653,8818369,1,eligible,45,45,1.0,8002
CD010653,760921,1,eligible,45,45,1.0,8002
CD010653,3446304,1,eligible,45,45,1.0,8002
CD010653,17698323,1,eligible,45,45,1.0,8002
CD010653,1293622,1,eligible,45,45,1.0,8002
CD010653,6955821,1,eligible,45,45,1.0,8002
CD010653,6537544,1,eligible,45,45,1.0,8002
CD010653,3562746,1,eligible,45,45,1.0,8002
CD010653,2084771,1,eligible,45,45,1.0,8002
CD010653,9246249,1,eligible,45,45,1.0,8002
CD010653,7267872,1,eligible,45,45,1.0,8002
CD010653,2791534,1,eligible,45,45,1.0,8002
CD010653,3154521,1,eligible,45,45,1.0,8002
CD010653,3680182,1,eligible,45,45,1.0,8002
CD010653,17562695,1,eligible,45,45,1.0,8002
CD010653,3651746,1,eligible,45,45,1.0,8002
CD010653,8235802,1,eligible,45,45,1.0,8002
CD010653,9791918,0,non_eligible,7957,100,79.57,8002
CD010653,1295581,0,non_eligible,7957,100,79.57,8002
CD010653,17202228,0,non_eligible,7957,100,79.57,8002
CD010653,17825019,0,non_eligible,7957,100,79.57,8002
CD010653,7055410,0,non_eligible,7957,100,79.57,8002
CD010653,8321341,0,non_eligible,7957,100,79.57,8002
CD010653,15145471,0,non_eligible,7957,100,79.57,8002
CD010653,8773213,0,non_eligible,7957,100,79.57,8002
CD010653,17244183,0,non_eligible,7957,100,79.57,8002
CD010653,22216944,0,non_eligible,7957,100,79.57,8002
CD010653,10711907,0,non_eligible,7957,100,79.57,8002
CD010653,15526258,0,non_eligible,7957,100,79.57,8002
CD010653,15812086,0,non_eligible,7957,100,79.57,8002
CD010653,10945074,0,non_eligible,7957,100,79.57,8002
CD010653,8710994,0,non_eligible,7957,100,79.57,8002
CD010653,10211147,0,non_eligible,7957,100,79.57,8002
CD010653,17958125,0,non_eligible,7957,100,79.57,8002
CD010653,9176929,0,non_eligible,7957,100,79.57,8002
CD010653,7573583,0,non_eligible,7957,100,79.57,8002
CD010653,15526256,0,non_eligible,7957,100,79.57,8002
CD010653,8725746,0,non_eligible,7957,100,79.57,8002
CD010653,36865,0,non_eligible,7957,100,79.57,8002
CD010653,3942287,0,non_eligible,7957,100,79.57,8002
CD010653,9988837,0,non_eligible,7957,100,79.57,8002
CD010653,7625476,0,non_eligible,7957,100,79.57,8002
CD010653,1443243,0,non_eligible,7957,100,79.57,8002
CD010653,12728743,0,non_eligible,7957,100,79.57,8002
CD010653,20027592,0,non_eligible,7957,100,79.57,8002
CD010653,2765600,0,non_eligible,7957,100,79.57,8002
CD010653,18379498,0,non_eligible,7957,100,79.57,8002
CD010653,18462577,0,non_eligible,7957,100,79.57,8002
CD010653,15535783,0,non_eligible,7957,100,79.57,8002
CD010653,10885636,0,non_eligible,7957,100,79.57,8002
CD010653,9272200,0,non_eligible,7957,100,79.57,8002
CD010653,8332650,0,non_eligible,7957,100,79.57,8002
CD010653,8912952,0,non_eligible,7957,100,79.57,8002
CD010653,18278991,0,non_eligible,7957,100,79.57,8002
CD010653,19926142,0,non_eligible,7957,100,79.57,8002
CD010653,20520834,0,non_eligible,7957,100,79.57,8002
CD010653,18624022,0,non_eligible,7957,100,79.57,8002
CD010653,15567073,0,non_eligible,7957,100,79.57,8002
CD010653,20054834,0,non_eligible,7957,100,79.57,8002
CD010653,10781704,0,non_eligible,7957,100,79.57,8002
CD010653,17121171,0,non_eligible,7957,100,79.57,8002
CD010653,8103294,0,non_eligible,7957,100,79.57,8002
CD010653,16513882,0,non_eligible,7957,100,79.57,8002
CD010653,18650069,0,non_eligible,7957,100,79.57,8002
CD010653,7759051,0,non_eligible,7957,100,79.57,8002
CD010653,2729449,0,non_eligible,7957,100,79.57,8002
CD010653,16309896,0,non_eligible,7957,100,79.57,8002
CD010653,15056517,0,non_eligible,7957,100,79.57,8002
CD010653,6522534,0,non_eligible,7957,100,79.57,8002
CD010653,7283668,0,non_eligible,7957,100,79.57,8002
CD010653,17153817,0,non_eligible,7957,100,79.57,8002
CD010653,1975448,0,non_eligible,7957,100,79.57,8002
CD010653,12823076,0,non_eligible,7957,100,79.57,8002
CD010653,22124274,0,non_eligible,7957,100,79.57,8002
CD010653,10960159,0,non_eligible,7957,100,79.57,8002
CD010653,15622509,0,non_eligible,7957,100,79.57,8002
CD010653,20559426,0,non_eligible,7957,100,79.57,8002
CD010653,9858071,0,non_eligible,7957,100,79.57,8002
CD010653,20541911,0,non_eligible,7957,100,79.57,8002
CD010653,12832245,0,non_eligible,7957,100,79.57,8002
CD010653,21749219,0,non_eligible,7957,100,79.57,8002
CD010653,16638074,0,non_eligible,7957,100,79.57,8002
CD010653,6147869,0,non_eligible,7957,100,79.57,8002
CD010653,16777669,0,non_eligible,7957,100,79.57,8002
CD010653,9366107,0,non_eligible,7957,100,79.57,8002
CD010653,8686489,0,non_eligible,7957,100,79.57,8002
CD010653,22093182,0,non_eligible,7957,100,79.57,8002
CD010653,17391359,0,non_eligible,7957,100,79.57,8002
CD010653,9793868,0,non_eligible,7957,100,79.57,8002
CD010653,1617357,0,non_eligible,7957,100,79.57,8002
CD010653,11573031,0,non_eligible,7957,100,79.57,8002
CD010653,22405633,0,non_eligible,7957,100,79.57,8002
CD010653,14528720,0,non_eligible,7957,100,79.57,8002
CD010653,15482392,0,non_eligible,7957,100,79.57,8002
CD010653,10628888,0,non_eligible,7957,100,79.57,8002
CD010653,10518166,0,non_eligible,7957,100,79.57,8002
CD010653,9606580,0,non_eligible,7957,100,79.57,8002
CD010653,16585236,0,non_eligible,7957,100,79.57,8002
CD010653,20397787,0,non_eligible,7957,100,79.57,8002
CD010653,19346006,0,non_eligible,7957,100,79.57,8002
CD010653,17041284,0,non_eligible,7957,100,79.57,8002
CD010653,7247641,0,non_eligible,7957,100,79.57,8002
CD010653,7632121,0,non_eligible,7957,100,79.57,8002
CD010653,12452546,0,non_eligible,7957,100,79.57,8002
CD010653,10098920,0,non_eligible,7957,100,79.57,8002
CD010653,22277668,0,non_eligible,7957,100,79.57,8002
CD010653,11802907,0,non_eligible,7957,100,79.57,8002
CD010653,9925187,0,non_eligible,7957,100,79.57,8002
CD010653,14332862,0,non_eligible,7957,100,79.57,8002
CD010653,17033915,0,non_eligible,7957,100,79.57,8002
CD010653,12915294,0,non_eligible,7957,100,79.57,8002
CD010653,16516332,0,non_eligible,7957,100,79.57,8002
CD010653,2084776,0,non_eligible,7957,100,79.57,8002
CD010653,22000938,0,non_eligible,7957,100,79.57,8002
CD010653,11299975,0,non_eligible,7957,100,79.57,8002
CD010653,19686473,0,non_eligible,7957,100,79.57,8002
CD010653,7991730,0,non_eligible,7957,100,79.57,8002
CD010705,23159109,1,eligible,23,23,1.0,114
CD010705,21562102,1,eligible,23,23,1.0,114
CD010705,23087027,1,eligible,23,23,1.0,114
CD010705,19386845,1,eligible,23,23,1.0,114
CD010705,23166667,1,eligible,23,23,1.0,114
CD010705,22236854,1,eligible,23,23,1.0,114
CD010705,20335420,1,eligible,23,23,1.0,114
CD010705,23782980,1,eligible,23,23,1.0,114
CD010705,22698869,1,eligible,23,23,1.0,114
CD010705,22325147,1,eligible,23,23,1.0,114
CD010705,22390880,1,eligible,23,23,1.0,114
CD010705,20573868,1,eligible,23,23,1.0,114
CD010705,23214120,1,eligible,23,23,1.0,114
CD010705,22267773,1,eligible,23,23,1.0,114
CD010705,20554815,1,eligible,23,23,1.0,114
CD010705,21632897,1,eligible,23,23,1.0,114
CD010705,23152552,1,eligible,23,23,1.0,114
CD010705,21955640,1,eligible,23,23,1.0,114
CD010705,23658272,1,eligible,23,23,1.0,114
CD010705,24029194,1,eligible,23,23,1.0,114
CD010705,22075597,1,eligible,23,23,1.0,114
CD010705,22378910,1,eligible,23,23,1.0,114
CD010705,24429319,1,eligible,23,23,1.0,114
CD010705,18614561,0,non_eligible,91,91,1.0,114
CD010705,20187922,0,non_eligible,91,91,1.0,114
CD010705,16081898,0,non_eligible,91,91,1.0,114
CD010705,21575302,0,non_eligible,91,91,1.0,114
CD010705,23895665,0,non_eligible,91,91,1.0,114
CD010705,20852939,0,non_eligible,91,91,1.0,114
CD010705,20550774,0,non_eligible,91,91,1.0,114
CD010705,18926042,0,non_eligible,91,91,1.0,114
CD010705,23638265,0,non_eligible,91,91,1.0,114
CD010705,20504986,0,non_eligible,91,91,1.0,114
CD010705,22740709,0,non_eligible,91,91,1.0,114
CD010705,17537937,0,non_eligible,91,91,1.0,114
CD010705,22972826,0,non_eligible,91,91,1.0,114
CD010705,21050678,0,non_eligible,91,91,1.0,114
CD010705,23467605,0,non_eligible,91,91,1.0,114
CD010705,23862246,0,non_eligible,91,91,1.0,114
CD010705,23883707,0,non_eligible,91,91,1.0,114
CD010705,23090928,0,non_eligible,91,91,1.0,114
CD010705,20368024,0,non_eligible,91,91,1.0,114
CD010705,19634711,0,non_eligible,91,91,1.0,114
CD010705,22037774,0,non_eligible,91,91,1.0,114
CD010705,21602133,0,non_eligible,91,91,1.0,114
CD010705,22569696,0,non_eligible,91,91,1.0,114
CD010705,22510913,0,non_eligible,91,91,1.0,114
CD010705,19409848,0,non_eligible,91,91,1.0,114
CD010705,22515295,0,non_eligible,91,91,1.0,114
CD010705,18829680,0,non_eligible,91,91,1.0,114
CD010705,20937190,0,non_eligible,91,91,1.0,114
CD010705,22808802,0,non_eligible,91,91,1.0,114
CD010705,19553580,0,non_eligible,91,91,1.0,114
CD010705,21682972,0,non_eligible,91,91,1.0,114
CD010705,19146757,0,non_eligible,91,91,1.0,114
CD010705,22325117,0,non_eligible,91,91,1.0,114
CD010705,21653771,0,non_eligible,91,91,1.0,114
CD010705,18701663,0,non_eligible,91,91,1.0,114
CD010705,22260344,0,non_eligible,91,91,1.0,114
CD010705,18500189,0,non_eligible,91,91,1.0,114
CD010705,21449845,0,non_eligible,91,91,1.0,114
CD010705,16825393,0,non_eligible,91,91,1.0,114
CD010705,23383320,0,non_eligible,91,91,1.0,114
CD010705,19017457,0,non_eligible,91,91,1.0,114
CD010705,19715569,0,non_eligible,91,91,1.0,114
CD010705,17035488,0,non_eligible,91,91,1.0,114
CD010705,17021094,0,non_eligible,91,91,1.0,114
CD010705,16964801,0,non_eligible,91,91,1.0,114
CD010705,17977988,0,non_eligible,91,91,1.0,114
CD010705,16825346,0,non_eligible,91,91,1.0,114
CD010705,16455882,0,non_eligible,91,91,1.0,114
CD010705,24197880,0,non_eligible,91,91,1.0,114
CD010705,22442316,0,non_eligible,91,91,1.0,114
CD010705,24039735,0,non_eligible,91,91,1.0,114
CD010705,19401789,0,non_eligible,91,91,1.0,114
CD010705,24172155,0,non_eligible,91,91,1.0,114
CD010705,23689727,0,non_eligible,91,91,1.0,114
CD010705,21814495,0,non_eligible,91,91,1.0,114
CD010705,21333101,0,non_eligible,91,91,1.0,114
CD010705,23226229,0,non_eligible,91,91,1.0,114
CD010705,20525271,0,non_eligible,91,91,1.0,114
CD010705,22361762,0,non_eligible,91,91,1.0,114
CD010705,20881173,0,non_eligible,91,91,1.0,114
CD010705,23232012,0,non_eligible,91,91,1.0,114
CD010705,22301019,0,non_eligible,91,91,1.0,114
CD010705,21276306,0,non_eligible,91,91,1.0,114
CD010705,20487620,0,non_eligible,91,91,1.0,114
CD010705,23808160,0,non_eligible,91,91,1.0,114
CD010705,18940875,0,non_eligible,91,91,1.0,114
CD010705,23317962,0,non_eligible,91,91,1.0,114
CD010705,21832013,0,non_eligible,91,91,1.0,114
CD010705,16825369,0,non_eligible,91,91,1.0,114
CD010705,22790204,0,non_eligible,91,91,1.0,114
CD010705,22236921,0,non_eligible,91,91,1.0,114
CD010705,21922778,0,non_eligible,91,91,1.0,114
CD010705,24056651,0,non_eligible,91,91,1.0,114
CD010705,23392466,0,non_eligible,91,91,1.0,114
CD010705,22086621,0,non_eligible,91,91,1.0,114
CD010705,24098523,0,non_eligible,91,91,1.0,114
CD010705,23146620,0,non_eligible,91,91,1.0,114
CD010705,19494067,0,non_eligible,91,91,1.0,114
CD010705,22347495,0,non_eligible,91,91,1.0,114
CD010705,18784319,0,non_eligible,91,91,1.0,114
CD010705,21813715,0,non_eligible,91,91,1.0,114
CD010705,19621606,0,non_eligible,91,91,1.0,114
CD010705,20487550,0,non_eligible,91,91,1.0,114
CD010705,24046537,0,non_eligible,91,91,1.0,114
CD010705,23633684,0,non_eligible,91,91,1.0,114
CD010705,22238443,0,non_eligible,91,91,1.0,114
CD010705,19457256,0,non_eligible,91,91,1.0,114
CD010705,22021920,0,non_eligible,91,91,1.0,114
CD010705,23267627,0,non_eligible,91,91,1.0,114
CD010705,22829789,0,non_eligible,91,91,1.0,114
CD010705,19520715,0,non_eligible,91,91,1.0,114
CD010772,14614994,1,eligible,47,47,1.0,316
CD010772,7824143,1,eligible,47,47,1.0,316
CD010772,19326698,1,eligible,47,47,1.0,316
CD010772,19323868,1,eligible,47,47,1.0,316
CD010772,8208879,1,eligible,47,47,1.0,316
CD010772,9283925,1,eligible,47,47,1.0,316
CD010772,18608052,1,eligible,47,47,1.0,316
CD010772,8677826,1,eligible,47,47,1.0,316
CD010772,19327203,1,eligible,47,47,1.0,316
CD010772,1946866,1,eligible,47,47,1.0,316
CD010772,20178996,1,eligible,47,47,1.0,316
CD010772,8829727,1,eligible,47,47,1.0,316
CD010772,18025825,1,eligible,47,47,1.0,316
CD010772,15559753,1,eligible,47,47,1.0,316
CD010772,10556865,1,eligible,47,47,1.0,316
CD010772,12767413,1,eligible,47,47,1.0,316
CD010772,18289452,1,eligible,47,47,1.0,316
CD010772,10812327,1,eligible,47,47,1.0,316
CD010772,20064817,1,eligible,47,47,1.0,316
CD010772,9143435,1,eligible,47,47,1.0,316
CD010772,16734921,1,eligible,47,47,1.0,316
CD010772,10737023,1,eligible,47,47,1.0,316
CD010772,21071942,1,eligible,47,47,1.0,316
CD010772,21212674,1,eligible,47,47,1.0,316
CD010772,9178050,1,eligible,47,47,1.0,316
CD010772,16421116,1,eligible,47,47,1.0,316
CD010772,21399482,1,eligible,47,47,1.0,316
CD010772,9812113,1,eligible,47,47,1.0,316
CD010772,19747425,1,eligible,47,47,1.0,316
CD010772,11037106,1,eligible,47,47,1.0,316
CD010772,11560213,1,eligible,47,47,1.0,316
CD010772,11591838,1,eligible,47,47,1.0,316
CD010772,19142410,1,eligible,47,47,1.0,316
CD010772,12548353,1,eligible,47,47,1.0,316
CD010772,15147592,1,eligible,47,47,1.0,316
CD010772,19578566,1,eligible,47,47,1.0,316
CD010772,9097213,1,eligible,47,47,1.0,316
CD010772,8660155,1,eligible,47,47,1.0,316
CD010772,12891638,1,eligible,47,47,1.0,316
CD010772,16724448,1,eligible,47,47,1.0,316
CD010772,17120985,1,eligible,47,47,1.0,316
CD010772,1492780,1,eligible,47,47,1.0,316
CD010772,12958005,1,eligible,47,47,1.0,316
CD010772,7662322,1,eligible,47,47,1.0,316
CD010772,14513165,1,eligible,47,47,1.0,316
CD010772,1607902,1,eligible,47,47,1.0,316
CD010772,2594878,1,eligible,47,47,1.0,316
CD010772,9305029,0,non_eligible,269,100,2.69,316
CD010772,19407461,0,non_eligible,269,100,2.69,316
CD010772,16255841,0,non_eligible,269,100,2.69,316
CD010772,14716724,0,non_eligible,269,100,2.69,316
CD010772,21626569,0,non_eligible,269,100,2.69,316
CD010772,17158334,0,non_eligible,269,100,2.69,316
CD010772,14963845,0,non_eligible,269,100,2.69,316
CD010772,19101283,0,non_eligible,269,100,2.69,316
CD010772,11943052,0,non_eligible,269,100,2.69,316
CD010772,15935385,0,non_eligible,269,100,2.69,316
CD010772,15037691,0,non_eligible,269,100,2.69,316
CD010772,12833228,0,non_eligible,269,100,2.69,316
CD010772,9097207,0,non_eligible,269,100,2.69,316
CD010772,14512713,0,non_eligible,269,100,2.69,316
CD010772,20808135,0,non_eligible,269,100,2.69,316
CD010772,15668631,0,non_eligible,269,100,2.69,316
CD010772,20610187,0,non_eligible,269,100,2.69,316
CD010772,18314567,0,non_eligible,269,100,2.69,316
CD010772,22689701,0,non_eligible,269,100,2.69,316
CD010772,21287528,0,non_eligible,269,100,2.69,316
CD010772,10650597,0,non_eligible,269,100,2.69,316
CD010772,19554672,0,non_eligible,269,100,2.69,316
CD010772,16088138,0,non_eligible,269,100,2.69,316
CD010772,11527481,0,non_eligible,269,100,2.69,316
CD010772,17535315,0,non_eligible,269,100,2.69,316
CD010772,14976325,0,non_eligible,269,100,2.69,316
CD010772,8623028,0,non_eligible,269,100,2.69,316
CD010772,19823990,0,non_eligible,269,100,2.69,316
CD010772,16428883,0,non_eligible,269,100,2.69,316
CD010772,16158009,0,non_eligible,269,100,2.69,316
CD010772,18436874,0,non_eligible,269,100,2.69,316
CD010772,22717233,0,non_eligible,269,100,2.69,316
CD010772,16952914,0,non_eligible,269,100,2.69,316
CD010772,10818539,0,non_eligible,269,100,2.69,316
CD010772,12741091,0,non_eligible,269,100,2.69,316
CD010772,15687511,0,non_eligible,269,100,2.69,316
CD010772,1885862,0,non_eligible,269,100,2.69,316
CD010772,10095375,0,non_eligible,269,100,2.69,316
CD010772,10396468,0,non_eligible,269,100,2.69,316
CD010772,16272070,0,non_eligible,269,100,2.69,316
CD010772,10939786,0,non_eligible,269,100,2.69,316
CD010772,19632119,0,non_eligible,269,100,2.69,316
CD010772,9050430,0,non_eligible,269,100,2.69,316
CD010772,17191421,0,non_eligible,269,100,2.69,316
CD010772,21903447,0,non_eligible,269,100,2.69,316
CD010772,6692189,0,non_eligible,269,100,2.69,316
CD010772,10187878,0,non_eligible,269,100,2.69,316
CD010772,23268875,0,non_eligible,269,100,2.69,316
CD010772,20799249,0,non_eligible,269,100,2.69,316
CD010772,11921154,0,non_eligible,269,100,2.69,316
CD010772,18285677,0,non_eligible,269,100,2.69,316
CD010772,12571823,0,non_eligible,269,100,2.69,316
CD010772,21621310,0,non_eligible,269,100,2.69,316
CD010772,9291882,0,non_eligible,269,100,2.69,316
CD010772,2214305,0,non_eligible,269,100,2.69,316
CD010772,3611032,0,non_eligible,269,100,2.69,316
CD010772,21718268,0,non_eligible,269,100,2.69,316
CD010772,18678573,0,non_eligible,269,100,2.69,316
CD010772,16175157,0,non_eligible,269,100,2.69,316
CD010772,17502007,0,non_eligible,269,100,2.69,316
CD010772,12389836,0,non_eligible,269,100,2.69,316
CD010772,20158493,0,non_eligible,269,100,2.69,316
CD010772,19838514,0,non_eligible,269,100,2.69,316
CD010772,9859120,0,non_eligible,269,100,2.69,316
CD010772,15948064,0,non_eligible,269,100,2.69,316
CD010772,16291888,0,non_eligible,269,100,2.69,316
CD010772,11483232,0,non_eligible,269,100,2.69,316
CD010772,21908910,0,non_eligible,269,100,2.69,316
CD010772,14687382,0,non_eligible,269,100,2.69,316
CD010772,16982570,0,non_eligible,269,100,2.69,316
CD010772,9063339,0,non_eligible,269,100,2.69,316
CD010772,3772624,0,non_eligible,269,100,2.69,316
CD010772,20455862,0,non_eligible,269,100,2.69,316
CD010772,15137556,0,non_eligible,269,100,2.69,316
CD010772,14646031,0,non_eligible,269,100,2.69,316
CD010772,23208022,0,non_eligible,269,100,2.69,316
CD010772,12752846,0,non_eligible,269,100,2.69,316
CD010772,1576226,0,non_eligible,269,100,2.69,316
CD010772,10773648,0,non_eligible,269,100,2.69,316
CD010772,17334275,0,non_eligible,269,100,2.69,316
CD010772,14511157,0,non_eligible,269,100,2.69,316
CD010772,22170358,0,non_eligible,269,100,2.69,316
CD010772,9921852,0,non_eligible,269,100,2.69,316
CD010772,8255833,0,non_eligible,269,100,2.69,316
CD010772,20629169,0,non_eligible,269,100,2.69,316
CD010772,3294349,0,non_eligible,269,100,2.69,316
CD010772,12707073,0,non_eligible,269,100,2.69,316
CD010772,10544724,0,non_eligible,269,100,2.69,316
CD010772,16977673,0,non_eligible,269,100,2.69,316
CD010772,2284389,0,non_eligible,269,100,2.69,316
CD010772,15459515,0,non_eligible,269,100,2.69,316
CD010772,11370580,0,non_eligible,269,100,2.69,316
CD010772,18097141,0,non_eligible,269,100,2.69,316
CD010772,16093227,0,non_eligible,269,100,2.69,316
CD010772,3241463,0,non_eligible,269,100,2.69,316
CD010772,12611290,0,non_eligible,269,100,2.69,316
CD010772,7100362,0,non_eligible,269,100,2.69,316
CD010772,17292021,0,non_eligible,269,100,2.69,316
CD010772,20416977,0,non_eligible,269,100,2.69,316
CD010772,18839800,0,non_eligible,269,100,2.69,316
CD010775,18850670,1,eligible,11,11,1.0,241
CD010775,20101272,1,eligible,11,11,1.0,241
CD010775,21229776,1,eligible,11,11,1.0,241
CD010775,17542384,1,eligible,11,11,1.0,241
CD010775,15817019,1,eligible,11,11,1.0,241
CD010775,22228824,1,eligible,11,11,1.0,241
CD010775,22298207,1,eligible,11,11,1.0,241
CD010775,18474719,1,eligible,11,11,1.0,241
CD010775,22014176,1,eligible,11,11,1.0,241
CD010775,20141536,1,eligible,11,11,1.0,241
CD010775,22581594,1,eligible,11,11,1.0,241
CD010775,21081498,0,non_eligible,230,100,2.3,241
CD010775,19542235,0,non_eligible,230,100,2.3,241
CD010775,3066010,0,non_eligible,230,100,2.3,241
CD010775,22298886,0,non_eligible,230,100,2.3,241
CD010775,22490733,0,non_eligible,230,100,2.3,241
CD010775,484452,0,non_eligible,230,100,2.3,241
CD010775,22496580,0,non_eligible,230,100,2.3,241
CD010775,21676920,0,non_eligible,230,100,2.3,241
CD010775,17328916,0,non_eligible,230,100,2.3,241
CD010775,18539485,0,non_eligible,230,100,2.3,241
CD010775,2995481,0,non_eligible,230,100,2.3,241
CD010775,9101589,0,non_eligible,230,100,2.3,241
CD010775,21457610,0,non_eligible,230,100,2.3,241
CD010775,20863306,0,non_eligible,230,100,2.3,241
CD010775,12793731,0,non_eligible,230,100,2.3,241
CD010775,20310038,0,non_eligible,230,100,2.3,241
CD010775,17011020,0,non_eligible,230,100,2.3,241
CD010775,22424621,0,non_eligible,230,100,2.3,241
CD010775,2364628,0,non_eligible,230,100,2.3,241
CD010775,19672065,0,non_eligible,230,100,2.3,241
CD010775,11814229,0,non_eligible,230,100,2.3,241
CD010775,21418960,0,non_eligible,230,100,2.3,241
CD010775,14585160,0,non_eligible,230,100,2.3,241
CD010775,645556,0,non_eligible,230,100,2.3,241
CD010775,9498898,0,non_eligible,230,100,2.3,241
CD010775,16461673,0,non_eligible,230,100,2.3,241
CD010775,22277128,0,non_eligible,230,100,2.3,241
CD010775,10635339,0,non_eligible,230,100,2.3,241
CD010775,19129390,0,non_eligible,230,100,2.3,241
CD010775,21945986,0,non_eligible,230,100,2.3,241
CD010775,21474808,0,non_eligible,230,100,2.3,241
CD010775,21592576,0,non_eligible,230,100,2.3,241
CD010775,16815085,0,non_eligible,230,100,2.3,241
CD010775,22115097,0,non_eligible,230,100,2.3,241
CD010775,15167984,0,non_eligible,230,100,2.3,241
CD010775,16690349,0,non_eligible,230,100,2.3,241
CD010775,13671618,0,non_eligible,230,100,2.3,241
CD010775,22728859,0,non_eligible,230,100,2.3,241
CD010775,1150762,0,non_eligible,230,100,2.3,241
CD010775,21365162,0,non_eligible,230,100,2.3,241
CD010775,20679642,0,non_eligible,230,100,2.3,241
CD010775,685830,0,non_eligible,230,100,2.3,241
CD010775,3690513,0,non_eligible,230,100,2.3,241
CD010775,20957394,0,non_eligible,230,100,2.3,241
CD010775,21801472,0,non_eligible,230,100,2.3,241
CD010775,16335575,0,non_eligible,230,100,2.3,241
CD010775,10503898,0,non_eligible,230,100,2.3,241
CD010775,10964565,0,non_eligible,230,100,2.3,241
CD010775,1740010,0,non_eligible,230,100,2.3,241
CD010775,16489254,0,non_eligible,230,100,2.3,241
CD010775,5149396,0,non_eligible,230,100,2.3,241
CD010775,19260980,0,non_eligible,230,100,2.3,241
CD010775,20822854,0,non_eligible,230,100,2.3,241
CD010775,21163106,0,non_eligible,230,100,2.3,241
CD010775,18335256,0,non_eligible,230,100,2.3,241
CD010775,21790967,0,non_eligible,230,100,2.3,241
CD010775,7327668,0,non_eligible,230,100,2.3,241
CD010775,21642663,0,non_eligible,230,100,2.3,241
CD010775,22056842,0,non_eligible,230,100,2.3,241
CD010775,22353375,0,non_eligible,230,100,2.3,241
CD010775,21156989,0,non_eligible,230,100,2.3,241
CD010775,21917776,0,non_eligible,230,100,2.3,241
CD010775,19937448,0,non_eligible,230,100,2.3,241
CD010775,21395965,0,non_eligible,230,100,2.3,241
CD010775,3988358,0,non_eligible,230,100,2.3,241
CD010775,21281555,0,non_eligible,230,100,2.3,241
CD010775,22258041,0,non_eligible,230,100,2.3,241
CD010775,20884013,0,non_eligible,230,100,2.3,241
CD010775,21520004,0,non_eligible,230,100,2.3,241
CD010775,22280947,0,non_eligible,230,100,2.3,241
CD010775,5920498,0,non_eligible,230,100,2.3,241
CD010775,1305676,0,non_eligible,230,100,2.3,241
CD010775,8222068,0,non_eligible,230,100,2.3,241
CD010775,15647471,0,non_eligible,230,100,2.3,241
CD010775,7845353,0,non_eligible,230,100,2.3,241
CD010775,20689285,0,non_eligible,230,100,2.3,241
CD010775,21070702,0,non_eligible,230,100,2.3,241
CD010775,20108371,0,non_eligible,230,100,2.3,241
CD010775,18820094,0,non_eligible,230,100,2.3,241
CD010775,22443246,0,non_eligible,230,100,2.3,241
CD010775,9585478,0,non_eligible,230,100,2.3,241
CD010775,9135137,0,non_eligible,230,100,2.3,241
CD010775,22344629,0,non_eligible,230,100,2.3,241
CD010775,1394844,0,non_eligible,230,100,2.3,241
CD010775,8397185,0,non_eligible,230,100,2.3,241
CD010775,20721924,0,non_eligible,230,100,2.3,241
CD010775,512554,0,non_eligible,230,100,2.3,241
CD010775,2618080,0,non_eligible,230,100,2.3,241
CD010775,14718541,0,non_eligible,230,100,2.3,241
CD010775,22082082,0,non_eligible,230,100,2.3,241
CD010775,1944238,0,non_eligible,230,100,2.3,241
CD010775,22176962,0,non_eligible,230,100,2.3,241
CD010775,15036644,0,non_eligible,230,100,2.3,241
CD010775,22018763,0,non_eligible,230,100,2.3,241
CD010775,11159734,0,non_eligible,230,100,2.3,241
CD010775,20592177,0,non_eligible,230,100,2.3,241
CD010775,20889166,0,non_eligible,230,100,2.3,241
CD010775,17260164,0,non_eligible,230,100,2.3,241
CD010775,20615057,0,non_eligible,230,100,2.3,241
CD010775,19772593,0,non_eligible,230,100,2.3,241
CD010783,21702929,1,eligible,30,30,1.0,10905
CD010783,19494551,1,eligible,30,30,1.0,10905
CD010783,17553526,1,eligible,30,30,1.0,10905
CD010783,23019264,1,eligible,30,30,1.0,10905
CD010783,18535375,1,eligible,30,30,1.0,10905
CD010783,20847554,1,eligible,30,30,1.0,10905
CD010783,17353470,1,eligible,30,30,1.0,10905
CD010783,22573144,1,eligible,30,30,1.0,10905
CD010783,15800137,1,eligible,30,30,1.0,10905
CD010783,22416827,1,eligible,30,30,1.0,10905
CD010783,22687167,1,eligible,30,30,1.0,10905
CD010783,12163189,1,eligible,30,30,1.0,10905
CD010783,20808143,1,eligible,30,30,1.0,10905
CD010783,22233766,1,eligible,30,30,1.0,10905
CD010783,16682538,1,eligible,30,30,1.0,10905
CD010783,14699432,1,eligible,30,30,1.0,10905
CD010783,21106558,1,eligible,30,30,1.0,10905
CD010783,22278151,1,eligible,30,30,1.0,10905
CD010783,21489344,1,eligible,30,30,1.0,10905
CD010783,19220561,1,eligible,30,30,1.0,10905
CD010783,22761691,1,eligible,30,30,1.0,10905
CD010783,19747425,1,eligible,30,30,1.0,10905
CD010783,12404652,1,eligible,30,30,1.0,10905
CD010783,22457741,1,eligible,30,30,1.0,10905
CD010783,18071141,1,eligible,30,30,1.0,10905
CD010783,10765048,1,eligible,30,30,1.0,10905
CD010783,18723162,1,eligible,30,30,1.0,10905
CD010783,23567400,1,eligible,30,30,1.0,10905
CD010783,19319929,1,eligible,30,30,1.0,10905
CD010783,15249617,1,eligible,30,30,1.0,10905
CD010783,3559018,0,non_eligible,10875,100,108.75,10905
CD010783,1461083,0,non_eligible,10875,100,108.75,10905
CD010783,9039618,0,non_eligible,10875,100,108.75,10905
CD010783,14710449,0,non_eligible,10875,100,108.75,10905
CD010783,22414550,0,non_eligible,10875,100,108.75,10905
CD010783,17354083,0,non_eligible,10875,100,108.75,10905
CD010783,19726334,0,non_eligible,10875,100,108.75,10905
CD010783,21047403,0,non_eligible,10875,100,108.75,10905
CD010783,20826875,0,non_eligible,10875,100,108.75,10905
CD010783,22349451,0,non_eligible,10875,100,108.75,10905
CD010783,24123241,0,non_eligible,10875,100,108.75,10905
CD010783,19996880,0,non_eligible,10875,100,108.75,10905
CD010783,9703164,0,non_eligible,10875,100,108.75,10905
CD010783,12731663,0,non_eligible,10875,100,108.75,10905
CD010783,12714795,0,non_eligible,10875,100,108.75,10905
CD010783,21673406,0,non_eligible,10875,100,108.75,10905
CD010783,17684227,0,non_eligible,10875,100,108.75,10905
CD010783,24298765,0,non_eligible,10875,100,108.75,10905
CD010783,24157823,0,non_eligible,10875,100,108.75,10905
CD010783,19123199,0,non_eligible,10875,100,108.75,10905
CD010783,23373580,0,non_eligible,10875,100,108.75,10905
CD010783,19557572,0,non_eligible,10875,100,108.75,10905
CD010783,16271803,0,non_eligible,10875,100,108.75,10905
CD010783,24426778,0,non_eligible,10875,100,108.75,10905
CD010783,8473692,0,non_eligible,10875,100,108.75,10905
CD010783,17120252,0,non_eligible,10875,100,108.75,10905
CD010783,8293601,0,non_eligible,10875,100,108.75,10905
CD010783,24193144,0,non_eligible,10875,100,108.75,10905
CD010783,14742923,0,non_eligible,10875,100,108.75,10905
CD010783,18504115,0,non_eligible,10875,100,108.75,10905
CD010783,9136256,0,non_eligible,10875,100,108.75,10905
CD010783,10847562,0,non_eligible,10875,100,108.75,10905
CD010783,21457610,0,non_eligible,10875,100,108.75,10905
CD010783,22116953,0,non_eligible,10875,100,108.75,10905
CD010783,9400564,0,non_eligible,10875,100,108.75,10905
CD010783,15785031,0,non_eligible,10875,100,108.75,10905
CD010783,21285048,0,non_eligible,10875,100,108.75,10905
CD010783,15889663,0,non_eligible,10875,100,108.75,10905
CD010783,22646750,0,non_eligible,10875,100,108.75,10905
CD010783,10883717,0,non_eligible,10875,100,108.75,10905
CD010783,10718200,0,non_eligible,10875,100,108.75,10905
CD010783,23403474,0,non_eligible,10875,100,108.75,10905
CD010783,19780044,0,non_eligible,10875,100,108.75,10905
CD010783,12456070,0,non_eligible,10875,100,108.75,10905
CD010783,14962147,0,non_eligible,10875,100,108.75,10905
CD010783,17334269,0,non_eligible,10875,100,108.75,10905
CD010783,7727205,0,non_eligible,10875,100,108.75,10905
CD010783,10753008,0,non_eligible,10875,100,108.75,10905
CD010783,24845117,0,non_eligible,10875,100,108.75,10905
CD010783,19005889,0,non_eligible,10875,100,108.75,10905
CD010783,18002332,0,non_eligible,10875,100,108.75,10905
CD010783,17826459,0,non_eligible,10875,100,108.75,10905
CD010783,20571216,0,non_eligible,10875,100,108.75,10905
CD010783,15171906,0,non_eligible,10875,100,108.75,10905
CD010783,22546353,0,non_eligible,10875,100,108.75,10905
CD010783,10935413,0,non_eligible,10875,100,108.75,10905
CD010783,23632267,0,non_eligible,10875,100,108.75,10905
CD010783,9312819,0,non_eligible,10875,100,108.75,10905
CD010783,19783195,0,non_eligible,10875,100,108.75,10905
CD010783,19424282,0,non_eligible,10875,100,108.75,10905
CD010783,24450567,0,non_eligible,10875,100,108.75,10905
CD010783,16137290,0,non_eligible,10875,100,108.75,10905
CD010783,12891639,0,non_eligible,10875,100,108.75,10905
CD010783,16690990,0,non_eligible,10875,100,108.75,10905
CD010783,16451145,0,non_eligible,10875,100,108.75,10905
CD010783,22614649,0,non_eligible,10875,100,108.75,10905
CD010783,22154547,0,non_eligible,10875,100,108.75,10905
CD010783,23872589,0,non_eligible,10875,100,108.75,10905
CD010783,16881946,0,non_eligible,10875,100,108.75,10905
CD010783,16190012,0,non_eligible,10875,100,108.75,10905
CD010783,16670248,0,non_eligible,10875,100,108.75,10905
CD010783,18270487,0,non_eligible,10875,100,108.75,10905
CD010783,8561155,0,non_eligible,10875,100,108.75,10905
CD010783,16255841,0,non_eligible,10875,100,108.75,10905
CD010783,12404654,0,non_eligible,10875,100,108.75,10905
CD010783,20074912,0,non_eligible,10875,100,108.75,10905
CD010783,8014389,0,non_eligible,10875,100,108.75,10905
CD010783,15361288,0,non_eligible,10875,100,108.75,10905
CD010783,10165357,0,non_eligible,10875,100,108.75,10905
CD010783,8190289,0,non_eligible,10875,100,108.75,10905
CD010783,22913655,0,non_eligible,10875,100,108.75,10905
CD010783,18786078,0,non_eligible,10875,100,108.75,10905
CD010783,19409033,0,non_eligible,10875,100,108.75,10905
CD010783,15729101,0,non_eligible,10875,100,108.75,10905
CD010783,15847122,0,non_eligible,10875,100,108.75,10905
CD010783,18036184,0,non_eligible,10875,100,108.75,10905
CD010783,7907098,0,non_eligible,10875,100,108.75,10905
CD010783,19474036,0,non_eligible,10875,100,108.75,10905
CD010783,21109312,0,non_eligible,10875,100,108.75,10905
CD010783,20101070,0,non_eligible,10875,100,108.75,10905
CD010783,16145185,0,non_eligible,10875,100,108.75,10905
CD010783,20360596,0,non_eligible,10875,100,108.75,10905
CD010783,16239239,0,non_eligible,10875,100,108.75,10905
CD010783,9117376,0,non_eligible,10875,100,108.75,10905
CD010783,7482642,0,non_eligible,10875,100,108.75,10905
CD010783,12122168,0,non_eligible,10875,100,108.75,10905
CD010783,17687449,0,non_eligible,10875,100,108.75,10905
CD010783,22430020,0,non_eligible,10875,100,108.75,10905
CD010783,22530265,0,non_eligible,10875,100,108.75,10905
CD010783,20065246,0,non_eligible,10875,100,108.75,10905
CD010860,22508578,1,eligible,7,7,1.0,94
CD010860,11113982,1,eligible,7,7,1.0,94
CD010860,20473827,1,eligible,7,7,1.0,94
CD010860,17567931,1,eligible,7,7,1.0,94
CD010860,14511167,1,eligible,7,7,1.0,94
CD010860,15877567,1,eligible,7,7,1.0,94
CD010860,16534774,1,eligible,7,7,1.0,94
CD010860,20808118,0,non_eligible,87,87,1.0,94
CD010860,17393836,0,non_eligible,87,87,1.0,94
CD010860,16503593,0,non_eligible,87,87,1.0,94
CD010860,19842783,0,non_eligible,87,87,1.0,94
CD010860,15995092,0,non_eligible,87,87,1.0,94
CD010860,10904947,0,non_eligible,87,87,1.0,94
CD010860,20164591,0,non_eligible,87,87,1.0,94
CD010860,20350331,0,non_eligible,87,87,1.0,94
CD010860,22150245,0,non_eligible,87,87,1.0,94
CD010860,22988784,0,non_eligible,87,87,1.0,94
CD010860,17908348,0,non_eligible,87,87,1.0,94
CD010860,22328005,0,non_eligible,87,87,1.0,94
CD010860,19730176,0,non_eligible,87,87,1.0,94
CD010860,20638142,0,non_eligible,87,87,1.0,94
CD010860,18198975,0,non_eligible,87,87,1.0,94
CD010860,22256468,0,non_eligible,87,87,1.0,94
CD010860,22310499,0,non_eligible,87,87,1.0,94
CD010860,22873491,0,non_eligible,87,87,1.0,94
CD010860,8733925,0,non_eligible,87,87,1.0,94
CD010860,22851064,0,non_eligible,87,87,1.0,94
CD010860,16460402,0,non_eligible,87,87,1.0,94
CD010860,8900595,0,non_eligible,87,87,1.0,94
CD010860,21695696,0,non_eligible,87,87,1.0,94
CD010860,18396072,0,non_eligible,87,87,1.0,94
CD010860,18654937,0,non_eligible,87,87,1.0,94
CD010860,12859363,0,non_eligible,87,87,1.0,94
CD010860,17447100,0,non_eligible,87,87,1.0,94
CD010860,20394408,0,non_eligible,87,87,1.0,94
CD010860,19212721,0,non_eligible,87,87,1.0,94
CD010860,22626912,0,non_eligible,87,87,1.0,94
CD010860,18538508,0,non_eligible,87,87,1.0,94
CD010860,15694996,0,non_eligible,87,87,1.0,94
CD010860,15217776,0,non_eligible,87,87,1.0,94
CD010860,16859628,0,non_eligible,87,87,1.0,94
CD010860,19582756,0,non_eligible,87,87,1.0,94
CD010860,18764676,0,non_eligible,87,87,1.0,94
CD010860,22906395,0,non_eligible,87,87,1.0,94
CD010860,21435921,0,non_eligible,87,87,1.0,94
CD010860,17120261,0,non_eligible,87,87,1.0,94
CD010860,19083293,0,non_eligible,87,87,1.0,94
CD010860,22112432,0,non_eligible,87,87,1.0,94
CD010860,10379185,0,non_eligible,87,87,1.0,94
CD010860,18997295,0,non_eligible,87,87,1.0,94
CD010860,22472702,0,non_eligible,87,87,1.0,94
CD010860,7907040,0,non_eligible,87,87,1.0,94
CD010860,23076515,0,non_eligible,87,87,1.0,94
CD010860,14518050,0,non_eligible,87,87,1.0,94
CD010860,9831484,0,non_eligible,87,87,1.0,94
CD010860,18533066,0,non_eligible,87,87,1.0,94
CD010860,15494776,0,non_eligible,87,87,1.0,94
CD010860,11240446,0,non_eligible,87,87,1.0,94
CD010860,9674026,0,non_eligible,87,87,1.0,94
CD010860,22996060,0,non_eligible,87,87,1.0,94
CD010860,23178745,0,non_eligible,87,87,1.0,94
CD010860,21663560,0,non_eligible,87,87,1.0,94
CD010860,22638676,0,non_eligible,87,87,1.0,94
CD010860,17923438,0,non_eligible,87,87,1.0,94
CD010860,22172089,0,non_eligible,87,87,1.0,94
CD010860,11241728,0,non_eligible,87,87,1.0,94
CD010860,21486736,0,non_eligible,87,87,1.0,94
CD010860,15961323,0,non_eligible,87,87,1.0,94
CD010860,17206187,0,non_eligible,87,87,1.0,94
CD010860,16350786,0,non_eligible,87,87,1.0,94
CD010860,22646750,0,non_eligible,87,87,1.0,94
CD010860,8754631,0,non_eligible,87,87,1.0,94
CD010860,20684520,0,non_eligible,87,87,1.0,94
CD010860,3980292,0,non_eligible,87,87,1.0,94
CD010860,16386666,0,non_eligible,87,87,1.0,94
CD010860,19555140,0,non_eligible,87,87,1.0,94
CD010860,16670243,0,non_eligible,87,87,1.0,94
CD010860,16844966,0,non_eligible,87,87,1.0,94
CD010860,12210243,0,non_eligible,87,87,1.0,94
CD010860,12420650,0,non_eligible,87,87,1.0,94
CD010860,21314650,0,non_eligible,87,87,1.0,94
CD010860,20954975,0,non_eligible,87,87,1.0,94
CD010860,11680896,0,non_eligible,87,87,1.0,94
CD010860,21920479,0,non_eligible,87,87,1.0,94
CD010860,17823461,0,non_eligible,87,87,1.0,94
CD010860,21131671,0,non_eligible,87,87,1.0,94
CD010860,18049065,0,non_eligible,87,87,1.0,94
CD010860,22332672,0,non_eligible,87,87,1.0,94
CD010860,15943212,0,non_eligible,87,87,1.0,94
CD010860,17302678,0,non_eligible,87,87,1.0,94
CD010860,19142914,0,non_eligible,87,87,1.0,94
CD010860,22700858,0,non_eligible,87,87,1.0,94
CD010860,16499914,0,non_eligible,87,87,1.0,94
CD010860,12762066,0,non_eligible,87,87,1.0,94
CD010896,22377781,1,eligible,6,6,1.0,169
CD010896,22366793,1,eligible,6,6,1.0,169
CD010896,22460325,1,eligible,6,6,1.0,169
CD010896,23018627,1,eligible,6,6,1.0,169
CD010896,22008265,1,eligible,6,6,1.0,169
CD010896,23016870,1,eligible,6,6,1.0,169
CD010896,23196944,0,non_eligible,163,100,1.63,169
CD010896,20359778,0,non_eligible,163,100,1.63,169
CD010896,22173295,0,non_eligible,163,100,1.63,169
CD010896,23254635,0,non_eligible,163,100,1.63,169
CD010896,22596272,0,non_eligible,163,100,1.63,169
CD010896,22717776,0,non_eligible,163,100,1.63,169
CD010896,23334141,0,non_eligible,163,100,1.63,169
CD010896,21463840,0,non_eligible,163,100,1.63,169
CD010896,21694448,0,non_eligible,163,100,1.63,169
CD010896,22318093,0,non_eligible,163,100,1.63,169
CD010896,22772875,0,non_eligible,163,100,1.63,169
CD010896,22961551,0,non_eligible,163,100,1.63,169
CD010896,23411076,0,non_eligible,163,100,1.63,169
CD010896,22672107,0,non_eligible,163,100,1.63,169
CD010896,22869921,0,non_eligible,163,100,1.63,169
CD010896,22406443,0,non_eligible,163,100,1.63,169
CD010896,22531416,0,non_eligible,163,100,1.63,169
CD010896,21411339,0,non_eligible,163,100,1.63,169
CD010896,23399676,0,non_eligible,163,100,1.63,169
CD010896,22217392,0,non_eligible,163,100,1.63,169
CD010896,23392204,0,non_eligible,163,100,1.63,169
CD010896,22354229,0,non_eligible,163,100,1.63,169
CD010896,22422214,0,non_eligible,163,100,1.63,169
CD010896,23031250,0,non_eligible,163,100,1.63,169
CD010896,21971457,0,non_eligible,163,100,1.63,169
CD010896,22929226,0,non_eligible,163,100,1.63,169
CD010896,21810889,0,non_eligible,163,100,1.63,169
CD010896,23209065,0,non_eligible,163,100,1.63,169
CD010896,22495081,0,non_eligible,163,100,1.63,169
CD010896,22682055,0,non_eligible,163,100,1.63,169
CD010896,22735052,0,non_eligible,163,100,1.63,169
CD010896,22994615,0,non_eligible,163,100,1.63,169
CD010896,22849649,0,non_eligible,163,100,1.63,169
CD010896,22773150,0,non_eligible,163,100,1.63,169
CD010896,22735249,0,non_eligible,163,100,1.63,169
CD010896,21843378,0,non_eligible,163,100,1.63,169
CD010896,23300102,0,non_eligible,163,100,1.63,169
CD010896,23402204,0,non_eligible,163,100,1.63,169
CD010896,22902293,0,non_eligible,163,100,1.63,169
CD010896,22024052,0,non_eligible,163,100,1.63,169
CD010896,22871906,0,non_eligible,163,100,1.63,169
CD010896,23777101,0,non_eligible,163,100,1.63,169
CD010896,21779719,0,non_eligible,163,100,1.63,169
CD010896,22435956,0,non_eligible,163,100,1.63,169
CD010896,22057225,0,non_eligible,163,100,1.63,169
CD010896,23402681,0,non_eligible,163,100,1.63,169
CD010896,21590591,0,non_eligible,163,100,1.63,169
CD010896,21959363,0,non_eligible,163,100,1.63,169
CD010896,22460159,0,non_eligible,163,100,1.63,169
CD010896,22791632,0,non_eligible,163,100,1.63,169
CD010896,23186984,0,non_eligible,163,100,1.63,169
CD010896,21729418,0,non_eligible,163,100,1.63,169
CD010896,21434859,0,non_eligible,163,100,1.63,169
CD010896,22416830,0,non_eligible,163,100,1.63,169
CD010896,21699607,0,non_eligible,163,100,1.63,169
CD010896,22009380,0,non_eligible,163,100,1.63,169
CD010896,23224109,0,non_eligible,163,100,1.63,169
CD010896,21959362,0,non_eligible,163,100,1.63,169
CD010896,22787842,0,non_eligible,163,100,1.63,169
CD010896,23361395,0,non_eligible,163,100,1.63,169
CD010896,23380679,0,non_eligible,163,100,1.63,169
CD010896,22504315,0,non_eligible,163,100,1.63,169
CD010896,22252239,0,non_eligible,163,100,1.63,169
CD010896,22211920,0,non_eligible,163,100,1.63,169
CD010896,22691528,0,non_eligible,163,100,1.63,169
CD010896,22994619,0,non_eligible,163,100,1.63,169
CD010896,21454094,0,non_eligible,163,100,1.63,169
CD010896,21863316,0,non_eligible,163,100,1.63,169
CD010896,22212925,0,non_eligible,163,100,1.63,169
CD010896,22460160,0,non_eligible,163,100,1.63,169
CD010896,23553080,0,non_eligible,163,100,1.63,169
CD010896,21951956,0,non_eligible,163,100,1.63,169
CD010896,23412372,0,non_eligible,163,100,1.63,169
CD010896,21729421,0,non_eligible,163,100,1.63,169
CD010896,23158839,0,non_eligible,163,100,1.63,169
CD010896,23593396,0,non_eligible,163,100,1.63,169
CD010896,22226025,0,non_eligible,163,100,1.63,169
CD010896,22353375,0,non_eligible,163,100,1.63,169
CD010896,21418722,0,non_eligible,163,100,1.63,169
CD010896,22797130,0,non_eligible,163,100,1.63,169
CD010896,23403263,0,non_eligible,163,100,1.63,169
CD010896,22703622,0,non_eligible,163,100,1.63,169
CD010896,21879994,0,non_eligible,163,100,1.63,169
CD010896,23273615,0,non_eligible,163,100,1.63,169
CD010896,21640440,0,non_eligible,163,100,1.63,169
CD010896,21920750,0,non_eligible,163,100,1.63,169
CD010896,23314407,0,non_eligible,163,100,1.63,169
CD010896,22050286,0,non_eligible,163,100,1.63,169
CD010896,22512772,0,non_eligible,163,100,1.63,169
CD010896,23568100,0,non_eligible,163,100,1.63,169
CD010896,22914831,0,non_eligible,163,100,1.63,169
CD010896,23142262,0,non_eligible,163,100,1.63,169
CD010896,23594859,0,non_eligible,163,100,1.63,169
CD010896,22665450,0,non_eligible,163,100,1.63,169
CD010896,21987568,0,non_eligible,163,100,1.63,169
CD010896,22869920,0,non_eligible,163,100,1.63,169
CD010896,22989905,0,non_eligible,163,100,1.63,169
CD010896,22967747,0,non_eligible,163,100,1.63,169
CD010896,22787845,0,non_eligible,163,100,1.63,169
CD010896,22785390,0,non_eligible,163,100,1.63,169
CD011145,17894422,1,eligible,202,202,1.0,10872
CD011145,17946417,1,eligible,202,202,1.0,10872
CD011145,10862215,1,eligible,202,202,1.0,10872
CD011145,10323649,1,eligible,202,202,1.0,10872
CD011145,23373608,1,eligible,202,202,1.0,10872
CD011145,7839817,1,eligible,202,202,1.0,10872
CD011145,14694032,1,eligible,202,202,1.0,10872
CD011145,12505543,1,eligible,202,202,1.0,10872
CD011145,10200730,1,eligible,202,202,1.0,10872
CD011145,22555374,1,eligible,202,202,1.0,10872
CD011145,7650099,1,eligible,202,202,1.0,10872
CD011145,22020766,1,eligible,202,202,1.0,10872
CD011145,23860433,1,eligible,202,202,1.0,10872
CD011145,18922150,1,eligible,202,202,1.0,10872
CD011145,9825025,1,eligible,202,202,1.0,10872
CD011145,17553526,1,eligible,202,202,1.0,10872
CD011145,17941341,1,eligible,202,202,1.0,10872
CD011145,18007116,1,eligible,202,202,1.0,10872
CD011145,10430420,1,eligible,202,202,1.0,10872
CD011145,8829727,1,eligible,202,202,1.0,10872
CD011145,22122408,1,eligible,202,202,1.0,10872
CD011145,2017918,1,eligible,202,202,1.0,10872
CD011145,8719048,1,eligible,202,202,1.0,10872
CD011145,17105962,1,eligible,202,202,1.0,10872
CD011145,11813275,1,eligible,202,202,1.0,10872
CD011145,21252547,1,eligible,202,202,1.0,10872
CD011145,9444539,1,eligible,202,202,1.0,10872
CD011145,2965359,1,eligible,202,202,1.0,10872
CD011145,11607936,1,eligible,202,202,1.0,10872
CD011145,18850670,1,eligible,202,202,1.0,10872
CD011145,8685299,1,eligible,202,202,1.0,10872
CD011145,14511167,1,eligible,202,202,1.0,10872
CD011145,17717415,1,eligible,202,202,1.0,10872
CD011145,17068312,1,eligible,202,202,1.0,10872
CD011145,12767413,1,eligible,202,202,1.0,10872
CD011145,15283869,1,eligible,202,202,1.0,10872
CD011145,10807102,1,eligible,202,202,1.0,10872
CD011145,1728269,1,eligible,202,202,1.0,10872
CD011145,15466502,1,eligible,202,202,1.0,10872
CD011145,10775968,1,eligible,202,202,1.0,10872
CD011145,14523627,1,eligible,202,202,1.0,10872
CD011145,19129701,1,eligible,202,202,1.0,10872
CD011145,10404988,1,eligible,202,202,1.0,10872
CD011145,1454906,1,eligible,202,202,1.0,10872
CD011145,12211125,1,eligible,202,202,1.0,10872
CD011145,20858951,1,eligible,202,202,1.0,10872
CD011145,10812327,1,eligible,202,202,1.0,10872
CD011145,11943052,1,eligible,202,202,1.0,10872
CD011145,17433613,1,eligible,202,202,1.0,10872
CD011145,2284373,1,eligible,202,202,1.0,10872
CD011145,21801419,1,eligible,202,202,1.0,10872
CD011145,18375531,1,eligible,202,202,1.0,10872
CD011145,20102571,1,eligible,202,202,1.0,10872
CD011145,17446720,1,eligible,202,202,1.0,10872
CD011145,11511700,1,eligible,202,202,1.0,10872
CD011145,9310084,1,eligible,202,202,1.0,10872
CD011145,16645272,1,eligible,202,202,1.0,10872
CD011145,1734737,1,eligible,202,202,1.0,10872
CD011145,17272733,1,eligible,202,202,1.0,10872
CD011145,23222058,1,eligible,202,202,1.0,10872
CD011145,9071438,1,eligible,202,202,1.0,10872
CD011145,1991947,1,eligible,202,202,1.0,10872
CD011145,21281555,1,eligible,202,202,1.0,10872
CD011145,10422057,1,eligible,202,202,1.0,10872
CD011145,19864908,1,eligible,202,202,1.0,10872
CD011145,10449595,1,eligible,202,202,1.0,10872
CD011145,20370764,1,eligible,202,202,1.0,10872
CD011145,22385380,1,eligible,202,202,1.0,10872
CD011145,14676056,1,eligible,202,202,1.0,10872
CD011145,17804953,1,eligible,202,202,1.0,10872
CD011145,17292020,1,eligible,202,202,1.0,10872
CD011145,10362441,1,eligible,202,202,1.0,10872
CD011145,1471577,1,eligible,202,202,1.0,10872
CD011145,16473978,1,eligible,202,202,1.0,10872
CD011145,17453265,1,eligible,202,202,1.0,10872
CD011145,12003250,1,eligible,202,202,1.0,10872
CD011145,19142405,1,eligible,202,202,1.0,10872
CD011145,8618670,1,eligible,202,202,1.0,10872
CD011145,15526309,1,eligible,202,202,1.0,10872
CD011145,22615482,1,eligible,202,202,1.0,10872
CD011145,12218768,1,eligible,202,202,1.0,10872
CD011145,21834788,1,eligible,202,202,1.0,10872
CD011145,20609270,1,eligible,202,202,1.0,10872
CD011145,22687143,1,eligible,202,202,1.0,10872
CD011145,17302668,1,eligible,202,202,1.0,10872
CD011145,2788352,1,eligible,202,202,1.0,10872
CD011145,10210908,1,eligible,202,202,1.0,10872
CD011145,8191136,1,eligible,202,202,1.0,10872
CD011145,7771920,1,eligible,202,202,1.0,10872
CD011145,21592451,1,eligible,202,202,1.0,10872
CD011145,8961673,1,eligible,202,202,1.0,10872
CD011145,9804120,1,eligible,202,202,1.0,10872
CD011145,23835084,1,eligible,202,202,1.0,10872
CD011145,22687278,1,eligible,202,202,1.0,10872
CD011145,19246909,1,eligible,202,202,1.0,10872
CD011145,19073431,1,eligible,202,202,1.0,10872
CD011145,15896562,1,eligible,202,202,1.0,10872
CD011145,8503262,1,eligible,202,202,1.0,10872
CD011145,15799072,1,eligible,202,202,1.0,10872
CD011145,12560271,1,eligible,202,202,1.0,10872
CD011145,22395236,1,eligible,202,202,1.0,10872
CD011145,12757568,1,eligible,202,202,1.0,10872
CD011145,20823087,1,eligible,202,202,1.0,10872
CD011145,14654726,1,eligible,202,202,1.0,10872
CD011145,10637405,1,eligible,202,202,1.0,10872
CD011145,7730909,1,eligible,202,202,1.0,10872
CD011145,7576043,1,eligible,202,202,1.0,10872
CD011145,1538203,1,eligible,202,202,1.0,10872
CD011145,8131123,1,eligible,202,202,1.0,10872
CD011145,2666647,1,eligible,202,202,1.0,10872
CD011145,9550765,1,eligible,202,202,1.0,10872
CD011145,22996060,1,eligible,202,202,1.0,10872
CD011145,16618630,1,eligible,202,202,1.0,10872
CD011145,16341400,1,eligible,202,202,1.0,10872
CD011145,19417217,1,eligible,202,202,1.0,10872
CD011145,2370572,1,eligible,202,202,1.0,10872
CD011145,12528587,1,eligible,202,202,1.0,10872
CD011145,17851183,1,eligible,202,202,1.0,10872
CD011145,1520083,1,eligible,202,202,1.0,10872
CD011145,1603248,1,eligible,202,202,1.0,10872
CD011145,7619535,1,eligible,202,202,1.0,10872
CD011145,9209569,1,eligible,202,202,1.0,10872
CD011145,1642109,1,eligible,202,202,1.0,10872
CD011145,9179095,1,eligible,202,202,1.0,10872
CD011145,15382519,1,eligible,202,202,1.0,10872
CD011145,21496140,1,eligible,202,202,1.0,10872
CD011145,14670382,1,eligible,202,202,1.0,10872
CD011145,19454402,1,eligible,202,202,1.0,10872
CD011145,1288663,1,eligible,202,202,1.0,10872
CD011145,1776585,1,eligible,202,202,1.0,10872
CD011145,1885862,1,eligible,202,202,1.0,10872
CD011145,7836638,1,eligible,202,202,1.0,10872
CD011145,9633696,1,eligible,202,202,1.0,10872
CD011145,7620747,1,eligible,202,202,1.0,10872
CD011145,12460138,1,eligible,202,202,1.0,10872
CD011145,18179486,1,eligible,202,202,1.0,10872
CD011145,9658272,1,eligible,202,202,1.0,10872
CD011145,11333427,1,eligible,202,202,1.0,10872
CD011145,10705164,1,eligible,202,202,1.0,10872
CD011145,11526806,1,eligible,202,202,1.0,10872
CD011145,15572877,1,eligible,202,202,1.0,10872
CD011145,24073900,1,eligible,202,202,1.0,10872
CD011145,19083293,1,eligible,202,202,1.0,10872
CD011145,10619314,1,eligible,202,202,1.0,10872
CD011145,9050431,1,eligible,202,202,1.0,10872
CD011145,12133018,1,eligible,202,202,1.0,10872
CD011145,16465051,1,eligible,202,202,1.0,10872
CD011145,11113982,1,eligible,202,202,1.0,10872
CD011145,2402325,1,eligible,202,202,1.0,10872
CD011145,10573436,1,eligible,202,202,1.0,10872
CD011145,9850757,1,eligible,202,202,1.0,10872
CD011145,19307320,1,eligible,202,202,1.0,10872
CD011145,12762066,1,eligible,202,202,1.0,10872
CD011145,10556864,1,eligible,202,202,1.0,10872
CD011145,8970013,1,eligible,202,202,1.0,10872
CD011145,22457741,1,eligible,202,202,1.0,10872
CD011145,7566242,1,eligible,202,202,1.0,10872
CD011145,15742546,1,eligible,202,202,1.0,10872
CD011145,8090257,1,eligible,202,202,1.0,10872
CD011145,16687183,1,eligible,202,202,1.0,10872
CD011145,16906312,1,eligible,202,202,1.0,10872
CD011145,8315228,1,eligible,202,202,1.0,10872
CD011145,9050430,1,eligible,202,202,1.0,10872
CD011145,18625866,1,eligible,202,202,1.0,10872
CD011145,7629532,1,eligible,202,202,1.0,10872
CD011145,8878078,1,eligible,202,202,1.0,10872
CD011145,11292148,1,eligible,202,202,1.0,10872
CD011145,22698956,1,eligible,202,202,1.0,10872
CD011145,10765048,1,eligible,202,202,1.0,10872
CD011145,21282950,1,eligible,202,202,1.0,10872
CD011145,19337986,1,eligible,202,202,1.0,10872
CD011145,22508578,1,eligible,202,202,1.0,10872
CD011145,10867444,1,eligible,202,202,1.0,10872
CD011145,7775725,1,eligible,202,202,1.0,10872
CD011145,20054838,1,eligible,202,202,1.0,10872
CD011145,16116581,1,eligible,202,202,1.0,10872
CD011145,17431064,1,eligible,202,202,1.0,10872
CD011145,24212244,1,eligible,202,202,1.0,10872
CD011145,15869717,1,eligible,202,202,1.0,10872
CD011145,18560791,1,eligible,202,202,1.0,10872
CD011145,9291882,1,eligible,202,202,1.0,10872
CD011145,19661490,1,eligible,202,202,1.0,10872
CD011145,22646750,1,eligible,202,202,1.0,10872
CD011145,9769446,1,eligible,202,202,1.0,10872
CD011145,1576226,1,eligible,202,202,1.0,10872
CD011145,8455053,1,eligible,202,202,1.0,10872
CD011145,22763350,1,eligible,202,202,1.0,10872
CD011145,11281309,1,eligible,202,202,1.0,10872
CD011145,7958576,1,eligible,202,202,1.0,10872
CD011145,7730528,1,eligible,202,202,1.0,10872
CD011145,21799253,1,eligible,202,202,1.0,10872
CD011145,16911919,1,eligible,202,202,1.0,10872
CD011145,20220597,1,eligible,202,202,1.0,10872
CD011145,18025825,1,eligible,202,202,1.0,10872
CD011145,17892609,1,eligible,202,202,1.0,10872
CD011145,21059967,1,eligible,202,202,1.0,10872
CD011145,11423042,1,eligible,202,202,1.0,10872
CD011145,22809084,1,eligible,202,202,1.0,10872
CD011145,15258208,1,eligible,202,202,1.0,10872
CD011145,18477390,1,eligible,202,202,1.0,10872
CD011145,15877567,1,eligible,202,202,1.0,10872
CD011145,10220764,1,eligible,202,202,1.0,10872
CD011145,20491375,0,non_eligible,10670,100,106.7,10872
CD011145,15990424,0,non_eligible,10670,100,106.7,10872
CD011145,10701281,0,non_eligible,10670,100,106.7,10872
CD011145,19397048,0,non_eligible,10670,100,106.7,10872
CD011145,20054835,0,non_eligible,10670,100,106.7,10872
CD011145,10901835,0,non_eligible,10670,100,106.7,10872
CD011145,18651201,0,non_eligible,10670,100,106.7,10872
CD011145,23411693,0,non_eligible,10670,100,106.7,10872
CD011145,11043802,0,non_eligible,10670,100,106.7,10872
CD011145,8120175,0,non_eligible,10670,100,106.7,10872
CD011145,23990235,0,non_eligible,10670,100,106.7,10872
CD011145,22889727,0,non_eligible,10670,100,106.7,10872
CD011145,19363273,0,non_eligible,10670,100,106.7,10872
CD011145,24507711,0,non_eligible,10670,100,106.7,10872
CD011145,19783377,0,non_eligible,10670,100,106.7,10872
CD011145,18622613,0,non_eligible,10670,100,106.7,10872
CD011145,23474866,0,non_eligible,10670,100,106.7,10872
CD011145,8218816,0,non_eligible,10670,100,106.7,10872
CD011145,12488379,0,non_eligible,10670,100,106.7,10872
CD011145,24440688,0,non_eligible,10670,100,106.7,10872
CD011145,8734969,0,non_eligible,10670,100,106.7,10872
CD011145,2370396,0,non_eligible,10670,100,106.7,10872
CD011145,18992700,0,non_eligible,10670,100,106.7,10872
CD011145,18041794,0,non_eligible,10670,100,106.7,10872
CD011145,23629553,0,non_eligible,10670,100,106.7,10872
CD011145,12528691,0,non_eligible,10670,100,106.7,10872
CD011145,8378642,0,non_eligible,10670,100,106.7,10872
CD011145,16548090,0,non_eligible,10670,100,106.7,10872
CD011145,22884091,0,non_eligible,10670,100,106.7,10872
CD011145,22330701,0,non_eligible,10670,100,106.7,10872
CD011145,16003930,0,non_eligible,10670,100,106.7,10872
CD011145,18174316,0,non_eligible,10670,100,106.7,10872
CD011145,21463871,0,non_eligible,10670,100,106.7,10872
CD011145,16673969,0,non_eligible,10670,100,106.7,10872
CD011145,23564547,0,non_eligible,10670,100,106.7,10872
CD011145,11563432,0,non_eligible,10670,100,106.7,10872
CD011145,23467281,0,non_eligible,10670,100,106.7,10872
CD011145,17092620,0,non_eligible,10670,100,106.7,10872
CD011145,18644607,0,non_eligible,10670,100,106.7,10872
CD011145,2655861,0,non_eligible,10670,100,106.7,10872
CD011145,23442558,0,non_eligible,10670,100,106.7,10872
CD011145,19660838,0,non_eligible,10670,100,106.7,10872
CD011145,14668142,0,non_eligible,10670,100,106.7,10872
CD011145,23208029,0,non_eligible,10670,100,106.7,10872
CD011145,10920426,0,non_eligible,10670,100,106.7,10872
CD011145,9166639,0,non_eligible,10670,100,106.7,10872
CD011145,23664484,0,non_eligible,10670,100,106.7,10872
CD011145,19162279,0,non_eligible,10670,100,106.7,10872
CD011145,18757768,0,non_eligible,10670,100,106.7,10872
CD011145,15845757,0,non_eligible,10670,100,106.7,10872
CD011145,21659724,0,non_eligible,10670,100,106.7,10872
CD011145,20923605,0,non_eligible,10670,100,106.7,10872
CD011145,15791348,0,non_eligible,10670,100,106.7,10872
CD011145,20104052,0,non_eligible,10670,100,106.7,10872
CD011145,10362906,0,non_eligible,10670,100,106.7,10872
CD011145,11903723,0,non_eligible,10670,100,106.7,10872
CD011145,23868154,0,non_eligible,10670,100,106.7,10872
CD011145,20217711,0,non_eligible,10670,100,106.7,10872
CD011145,8859066,0,non_eligible,10670,100,106.7,10872
CD011145,8018025,0,non_eligible,10670,100,106.7,10872
CD011145,17272969,0,non_eligible,10670,100,106.7,10872
CD011145,23561627,0,non_eligible,10670,100,106.7,10872
CD011145,12444485,0,non_eligible,10670,100,106.7,10872
CD011145,22012848,0,non_eligible,10670,100,106.7,10872
CD011145,20932304,0,non_eligible,10670,100,106.7,10872
CD011145,18706028,0,non_eligible,10670,100,106.7,10872
CD011145,18451312,0,non_eligible,10670,100,106.7,10872
CD011145,15093907,0,non_eligible,10670,100,106.7,10872
CD011145,20073445,0,non_eligible,10670,100,106.7,10872
CD011145,21822377,0,non_eligible,10670,100,106.7,10872
CD011145,12614792,0,non_eligible,10670,100,106.7,10872
CD011145,10737829,0,non_eligible,10670,100,106.7,10872
CD011145,22930137,0,non_eligible,10670,100,106.7,10872
CD011145,24820733,0,non_eligible,10670,100,106.7,10872
CD011145,19408623,0,non_eligible,10670,100,106.7,10872
CD011145,23260324,0,non_eligible,10670,100,106.7,10872
CD011145,17374951,0,non_eligible,10670,100,106.7,10872
CD011145,12884829,0,non_eligible,10670,100,106.7,10872
CD011145,19124963,0,non_eligible,10670,100,106.7,10872
CD011145,19286194,0,non_eligible,10670,100,106.7,10872
CD011145,23467781,0,non_eligible,10670,100,106.7,10872
CD011145,9629529,0,non_eligible,10670,100,106.7,10872
CD011145,11522700,0,non_eligible,10670,100,106.7,10872
CD011145,14765378,0,non_eligible,10670,100,106.7,10872
CD011145,17285097,0,non_eligible,10670,100,106.7,10872
CD011145,23274184,0,non_eligible,10670,100,106.7,10872
CD011145,19506423,0,non_eligible,10670,100,106.7,10872
CD011145,8117548,0,non_eligible,10670,100,106.7,10872
CD011145,24175992,0,non_eligible,10670,100,106.7,10872
CD011145,20109475,0,non_eligible,10670,100,106.7,10872
CD011145,19433863,0,non_eligible,10670,100,106.7,10872
CD011145,24335198,0,non_eligible,10670,100,106.7,10872
CD011145,10604491,0,non_eligible,10670,100,106.7,10872
CD011145,20517530,0,non_eligible,10670,100,106.7,10872
CD011145,22079406,0,non_eligible,10670,100,106.7,10872
CD011145,18787990,0,non_eligible,10670,100,106.7,10872
CD011145,20449664,0,non_eligible,10670,100,106.7,10872
CD011145,19455176,0,non_eligible,10670,100,106.7,10872
CD011145,22014176,0,non_eligible,10670,100,106.7,10872
CD011145,11771202,0,non_eligible,10670,100,106.7,10872
CD012019,25284053,1,eligible,3,3,1.0,10317
CD012019,22158084,1,eligible,3,3,1.0,10317
CD012019,18558423,1,eligible,3,3,1.0,10317
CD012019,5402143,0,non_eligible,10314,100,103.14,10317
CD012019,25344456,0,non_eligible,10314,100,103.14,10317
CD012019,9255726,0,non_eligible,10314,100,103.14,10317
CD012019,22333230,0,non_eligible,10314,100,103.14,10317
CD012019,24091546,0,non_eligible,10314,100,103.14,10317
CD012019,2801831,0,non_eligible,10314,100,103.14,10317
CD012019,9570994,0,non_eligible,10314,100,103.14,10317
CD012019,19213374,0,non_eligible,10314,100,103.14,10317
CD012019,1834693,0,non_eligible,10314,100,103.14,10317
CD012019,14238630,0,non_eligible,10314,100,103.14,10317
CD012019,12691317,0,non_eligible,10314,100,103.14,10317
CD012019,11753520,0,non_eligible,10314,100,103.14,10317
CD012019,8977611,0,non_eligible,10314,100,103.14,10317
CD012019,22569286,0,non_eligible,10314,100,103.14,10317
CD012019,6422368,0,non_eligible,10314,100,103.14,10317
CD012019,11776203,0,non_eligible,10314,100,103.14,10317
CD012019,26242126,0,non_eligible,10314,100,103.14,10317
CD012019,11795834,0,non_eligible,10314,100,103.14,10317
CD012019,23343214,0,non_eligible,10314,100,103.14,10317
CD012019,12648581,0,non_eligible,10314,100,103.14,10317
CD012019,22718320,0,non_eligible,10314,100,103.14,10317
CD012019,20005434,0,non_eligible,10314,100,103.14,10317
CD012019,5805248,0,non_eligible,10314,100,103.14,10317
CD012019,15283384,0,non_eligible,10314,100,103.14,10317
CD012019,16198773,0,non_eligible,10314,100,103.14,10317
CD012019,7905445,0,non_eligible,10314,100,103.14,10317
CD012019,6230258,0,non_eligible,10314,100,103.14,10317
CD012019,23264213,0,non_eligible,10314,100,103.14,10317
CD012019,2364796,0,non_eligible,10314,100,103.14,10317
CD012019,15452706,0,non_eligible,10314,100,103.14,10317
CD012019,2387535,0,non_eligible,10314,100,103.14,10317
CD012019,20236261,0,non_eligible,10314,100,103.14,10317
CD012019,25321621,0,non_eligible,10314,100,103.14,10317
CD012019,12571184,0,non_eligible,10314,100,103.14,10317
CD012019,25118496,0,non_eligible,10314,100,103.14,10317
CD012019,16195411,0,non_eligible,10314,100,103.14,10317
CD012019,16195972,0,non_eligible,10314,100,103.14,10317
CD012019,20666952,0,non_eligible,10314,100,103.14,10317
CD012019,266340,0,non_eligible,10314,100,103.14,10317
CD012019,15701198,0,non_eligible,10314,100,103.14,10317
CD012019,25394646,0,non_eligible,10314,100,103.14,10317
CD012019,9697076,0,non_eligible,10314,100,103.14,10317
CD012019,2109336,0,non_eligible,10314,100,103.14,10317
CD012019,15507512,0,non_eligible,10314,100,103.14,10317
CD012019,9653865,0,non_eligible,10314,100,103.14,10317
CD012019,20113968,0,non_eligible,10314,100,103.14,10317
CD012019,15782073,0,non_eligible,10314,100,103.14,10317
CD012019,18479230,0,non_eligible,10314,100,103.14,10317
CD012019,11949968,0,non_eligible,10314,100,103.14,10317
CD012019,11411039,0,non_eligible,10314,100,103.14,10317
CD012019,4265281,0,non_eligible,10314,100,103.14,10317
CD012019,10389977,0,non_eligible,10314,100,103.14,10317
CD012019,12521524,0,non_eligible,10314,100,103.14,10317
CD012019,22241733,0,non_eligible,10314,100,103.14,10317
CD012019,1834484,0,non_eligible,10314,100,103.14,10317
CD012019,20829186,0,non_eligible,10314,100,103.14,10317
CD012019,17357296,0,non_eligible,10314,100,103.14,10317
CD012019,7956669,0,non_eligible,10314,100,103.14,10317
CD012019,9147102,0,non_eligible,10314,100,103.14,10317
CD012019,16443498,0,non_eligible,10314,100,103.14,10317
CD012019,22748958,0,non_eligible,10314,100,103.14,10317
CD012019,16006455,0,non_eligible,10314,100,103.14,10317
CD012019,19578761,0,non_eligible,10314,100,103.14,10317
CD012019,19900079,0,non_eligible,10314,100,103.14,10317
CD012019,17366407,0,non_eligible,10314,100,103.14,10317
CD012019,6681304,0,non_eligible,10314,100,103.14,10317
CD012019,16434891,0,non_eligible,10314,100,103.14,10317
CD012019,1667567,0,non_eligible,10314,100,103.14,10317
CD012019,11446475,0,non_eligible,10314,100,103.14,10317
CD012019,19356751,0,non_eligible,10314,100,103.14,10317
CD012019,6510651,0,non_eligible,10314,100,103.14,10317
CD012019,24827588,0,non_eligible,10314,100,103.14,10317
CD012019,8250133,0,non_eligible,10314,100,103.14,10317
CD012019,19212662,0,non_eligible,10314,100,103.14,10317
CD012019,12620483,0,non_eligible,10314,100,103.14,10317
CD012019,9159258,0,non_eligible,10314,100,103.14,10317
CD012019,16268061,0,non_eligible,10314,100,103.14,10317
CD012019,24882618,0,non_eligible,10314,100,103.14,10317
CD012019,24764580,0,non_eligible,10314,100,103.14,10317
CD012019,17644810,0,non_eligible,10314,100,103.14,10317
CD012019,23362326,0,non_eligible,10314,100,103.14,10317
CD012019,4541502,0,non_eligible,10314,100,103.14,10317
CD012019,22957460,0,non_eligible,10314,100,103.14,10317
CD012019,10831551,0,non_eligible,10314,100,103.14,10317
CD012019,18317219,0,non_eligible,10314,100,103.14,10317
CD012019,19088375,0,non_eligible,10314,100,103.14,10317
CD012019,10785606,0,non_eligible,10314,100,103.14,10317
CD012019,20405641,0,non_eligible,10314,100,103.14,10317
CD012019,17961906,0,non_eligible,10314,100,103.14,10317
CD012019,2478493,0,non_eligible,10314,100,103.14,10317
CD012019,24726619,0,non_eligible,10314,100,103.14,10317
CD012019,7755441,0,non_eligible,10314,100,103.14,10317
CD012019,2609325,0,non_eligible,10314,100,103.14,10317
CD012019,133613,0,non_eligible,10314,100,103.14,10317
CD012019,11949940,0,non_eligible,10314,100,103.14,10317
CD012019,10584700,0,non_eligible,10314,100,103.14,10317
CD012019,18494148,0,non_eligible,10314,100,103.14,10317
CD012019,12501087,0,non_eligible,10314,100,103.14,10317
CD012019,20334862,0,non_eligible,10314,100,103.14,10317
CD012019,14968062,0,non_eligible,10314,100,103.14,10317
